drugbank_id	bindingdb_id
DB00035	50205291
DB00035	50205308
DB00035	85094
DB00050	50369965
DB00091	50022815
DB00091	50150950
DB00091	86672
DB00104	50059090
DB00104	50272772
DB00114	50118216
DB00115	83973
DB00116	50022833
DB00116	50391006
DB00117	7953
DB00117	81938
DB00118	28422
DB00118	50403124
DB00119	19473
DB00119	50159792
DB00120	18073
DB00120	92701
DB00121	12
DB00122	50026220
DB00123	50352165
DB00125	21959
DB00127	79403
DB00128	18125
DB00128	31174
DB00130	93009
DB00131	18137
DB00131	50192453
DB00131	50280244
DB00131	61258
DB00131	92538
DB00132	50240347
DB00132	50448436
DB00133	23167
DB00133	50357212
DB00134	50142500
DB00134	86195
DB00135	18129
DB00135	92702
DB00136	50200182
DB00138	86199
DB00139	26121
DB00140	50362895
DB00142	17657
DB00142	26431
DB00142	50002371
DB00142	50013055
DB00142	93012
DB00143	50422268
DB00145	18133
DB00147	50366979
DB00148	50357229
DB00149	50219348
DB00150	21974
DB00150	50043799
DB00150	92685
DB00151	50109584
DB00151	50109609
DB00151	86203
DB00152	50373877
DB00153	50049515
DB00154	50269534
DB00155	92903
DB00157	50192456
DB00158	50367343
DB00159	50242349
DB00160	50000099
DB00160	50000109
DB00160	92998
DB00161	50357216
DB00161	92994
DB00162	50092056
DB00163	50436220
DB00166	10515
DB00166	50106731
DB00167	18140
DB00169	50147583
DB00170	24778
DB00171	2
DB00171	50192459
DB00171	50366480
DB00171	50422407
DB00172	50000100
DB00172	50000105
DB00172	50357224
DB00173	33218
DB00174	92995
DB00175	20688
DB00175	50006412
DB00175	50368146
DB00176	50028091
DB00176	63804
DB00177	50049186
DB00177	50282371
DB00178	50084681
DB00179	22372
DB00179	32020
DB00179	50150780
DB00181	24182
DB00181	50032963
DB00181	50032964
DB00182	50005246
DB00182	50022721
DB00182	50022723
DB00183	82241
DB00184	50004108
DB00184	82068
DB00184	82070
DB00185	50280535
DB00185	50449645
DB00186	50292627
DB00187	50404796
DB00188	50069989
DB00190	50418773
DB00191	50246598
DB00193	50176259
DB00194	14487
DB00194	50134746
DB00194	50144936
DB00194	82533
DB00195	25752
DB00195	50404948
DB00195	50405521
DB00196	25817
DB00198	5025
DB00199	50127141
DB00199	50344942
DB00199	50421353
DB00199	86313
DB00200	83973
DB00201	10849
DB00202	50061568
DB00203	14390
DB00204	50031720
DB00205	18512
DB00206	50017712
DB00207	50373918
DB00208	85509
DB00210	50048280
DB00212	50077669
DB00213	50241342
DB00213	50409893
DB00214	64107
DB00215	25870
DB00215	50302225
DB00215	86046
DB00218	50366824
DB00220	50061306
DB00220	50366785
DB00220	518
DB00220	81679
DB00221	52083
DB00224	517
DB00227	34168
DB00227	50003235
DB00227	50004774
DB00227	50011206
DB00227	50024628
DB00230	50164279
DB00231	50408032
DB00233	48319
DB00234	35226
DB00234	50124566
DB00234	50370475
DB00235	15296
DB00238	1434
DB00242	38920
DB00242	50008366
DB00244	60918
DB00245	50366775
DB00245	86698
DB00246	50048803
DB00247	30708
DB00247	50031942
DB00248	50426497
DB00248	86052
DB00249	50016788
DB00249	50370388
DB00249	50375780
DB00250	50029764
DB00251	31769
DB00251	50375318
DB00252	39345
DB00252	50003655
DB00255	20625
DB00257	31774
DB00258	50074329
DB00258	50159793
DB00259	10857
DB00260	50038178
DB00260	50357231
DB00261	50000334
DB00262	50015950
DB00263	50034452
DB00264	25756
DB00264	81881
DB00264	81884
DB00266	35525
DB00268	50020680
DB00270	50436176
DB00271	62875
DB00273	10887
DB00274	50350471
DB00275	50241364
DB00276	87351
DB00277	10847
DB00277	82053
DB00278	50038001
DB00278	50091037
DB00278	50113825
DB00279	18860
DB00279	50007
DB00279	50178971
DB00280	50028893
DB00281	50017662
DB00282	12581
DB00283	50253157
DB00283	94606
DB00284	23406
DB00284	50333465
DB00285	50400815
DB00285	50400816
DB00285	82071
DB00286	50366524
DB00287	50150906
DB00289	50022784
DB00289	50366567
DB00291	50003677
DB00292	50125935
DB00292	50125937
DB00293	18795
DB00293	50012040
DB00294	50423516
DB00295	50000092
DB00295	86258
DB00297	50350789
DB00297	50350790
DB00297	50350791
DB00297	50417951
DB00299	50210804
DB00301	50370590
DB00302	50428067
DB00304	50423510
DB00305	50428658
DB00307	50032675
DB00308	50131432
DB00310	25900
DB00311	10882
DB00312	50055935
DB00313	50003616
DB00313	50009834
DB00315	50033383
DB00316	26197
DB00317	5447
DB00318	50019351
DB00318	50105098
DB00318	82266
DB00319	39348
DB00319	50240426
DB00320	50280055
DB00320	50295557
DB00320	86235
DB00321	50020712
DB00322	50340678
DB00323	50108877
DB00324	91406
DB00325	50377921
DB00327	50241341
DB00328	17638
DB00330	50448407
DB00331	50229665
DB00331	57047
DB00332	26980
DB00332	50021892
DB00332	50355610
DB00332	50378083
DB00332	82372
DB00333	82507
DB00334	35254
DB00335	25753
DB00336	50420350
DB00338	50241343
DB00340	79211
DB00341	22890
DB00341	85029
DB00341	85030
DB00342	22879
DB00342	50017376
DB00342	50421337
DB00343	50004704
DB00344	50176062
DB00345	50270006
DB00346	50033110
DB00348	50088804
DB00352	50200099
DB00353	50330860
DB00353	86237
DB00355	50240480
DB00356	50290811
DB00357	50406639
DB00357	50406640
DB00357	9460
DB00358	50022889
DB00358	50131436
DB00358	50151865
DB00358	50377446
DB00358	50377454
DB00358	50377463
DB00358	79170
DB00359	50166571
DB00360	50373697
DB00362	50417554
DB00363	50001884
DB00365	50117924
DB00367	50410522
DB00368	35234
DB00368	50029051
DB00369	31915
DB00370	50115644
DB00372	78436
DB00373	25767
DB00373	50292219
DB00373	50404945
DB00376	81462
DB00377	50000449
DB00377	50000460
DB00377	50000476
DB00377	50417287
DB00379	50117271
DB00379	50135883
DB00379	50135884
DB00382	8961
DB00384	6644
DB00387	50062598
DB00388	36024
DB00389	50275889
DB00390	46355
DB00391	11638
DB00391	81774
DB00391	81775
DB00392	8958
DB00396	8903
DB00397	50022722
DB00397	50367603
DB00397	50405613
DB00397	50405615
DB00398	16673
DB00399	12578
DB00400	31775
DB00404	50001728
DB00405	50017666
DB00408	22871
DB00409	50026045
DB00410	50290686
DB00411	26979
DB00411	50004656
DB00413	50017550
DB00413	50116766
DB00415	50350465
DB00416	26981
DB00417	50370584
DB00419	18355
DB00419	50312526
DB00419	50312528
DB00419	50312530
DB00420	67545
DB00421	50228080
DB00422	50050098
DB00422	50062912
DB00422	50062915
DB00422	50142839
DB00422	85933
DB00424	50403547
DB00424	86231
DB00425	26266
DB00427	50292411
DB00427	86174
DB00429	82227
DB00431	50410525
DB00432	50132298
DB00433	78434
DB00434	50017721
DB00437	35440
DB00438	50420259
DB00439	18376
DB00440	18069
DB00443	18207
DB00443	73823
DB00444	87330
DB00445	22984
DB00445	32022
DB00445	43839
DB00445	50370552
DB00448	47032
DB00450	50017705
DB00451	50225220
DB00451	50301375
DB00452	19
DB00452	50366388
DB00454	50026752
DB00455	22876
DB00456	53513
DB00456	82898
DB00457	29568
DB00458	50010859
DB00461	40128
DB00462	26980
DB00462	37635
DB00462	50015727
DB00462	50241132
DB00465	85511
DB00466	50017684
DB00466	50269961
DB00466	81474
DB00467	50296358
DB00468	50017681
DB00468	50017704
DB00468	50121975
DB00468	50198085
DB00468	50367247
DB00468	50410855
DB00468	50411276
DB00470	50000729
DB00470	50007391
DB00470	86515
DB00471	50052024
DB00471	58922
DB00472	30130
DB00472	50136166
DB00472	81875
DB00475	50007664
DB00476	50136674
DB00476	50136680
DB00476	84745
DB00477	50001888
DB00478	50216627
DB00479	91426
DB00481	19441
DB00482	11639
DB00483	26981
DB00483	50149891
DB00484	34572
DB00485	50005106
DB00485	50350476
DB00486	50287941
DB00487	57936
DB00488	37631
DB00489	25762
DB00490	50001859
DB00491	50242271
DB00493	50335523
DB00493	96523
DB00494	50108879
DB00495	50002692
DB00495	50359627
DB00496	50109647
DB00497	50170965
DB00497	50370595
DB00497	83451
DB00498	50280157
DB00499	50131270
DB00500	50295287
DB00501	22889
DB00501	50403559
DB00502	21398
DB00503	520
DB00504	50016846
DB00504	50326655
DB00504	50326673
DB00504	92849
DB00508	67544
DB00509	50225220
DB00509	50301375
DB00512	50335519
DB00512	58373
DB00513	50357211
DB00514	50003560
DB00514	50366613
DB00515	26979
DB00515	50028111
DB00517	26980
DB00517	39338
DB00518	50241293
DB00519	50021782
DB00519	50369775
DB00519	50405540
DB00519	50452241
DB00521	50040065
DB00523	31883
DB00523	31892
DB00523	50031459
DB00523	50064254
DB00524	25899
DB00525	39349
DB00526	14674
DB00526	92964
DB00527	48532
DB00529	50011181
DB00529	50027536
DB00530	5446
DB00533	22369
DB00534	26979
DB00536	50420178
DB00537	21690
DB00539	58492
DB00540	112777
DB00541	38872
DB00541	50139772
DB00542	50021153
DB00543	22870
DB00544	50340677
DB00545	50313079
DB00546	82439
DB00549	50009073
DB00551	50099857
DB00552	22925
DB00553	50041234
DB00554	85245
DB00555	50031299
DB00557	22875
DB00558	4934
DB00558	50040516
DB00558	50165355
DB00558	50330326
DB00558	5265
DB00559	50061101
DB00563	18050
DB00563	50004545
DB00563	50420238
DB00563	66082
DB00564	50003659
DB00565	92478
DB00566	60868
DB00567	50139896
DB00568	50017657
DB00570	50012278
DB00570	50130852
DB00571	25761
DB00571	36108
DB00571	50246936
DB00571	60973
DB00572	50403547
DB00572	86231
DB00573	54705
DB00574	84738
DB00574	85596
DB00574	85597
DB00575	14062
DB00575	50016897
DB00575	50020341
DB00576	50295558
DB00577	50162073
DB00578	37634
DB00578	50270009
DB00578	92464
DB00579	50005536
DB00580	13063
DB00581	50377984
DB00582	50333117
DB00583	50037268
DB00584	50017129
DB00586	13066
DB00586	50174201
DB00587	50064086
DB00588	50354849
DB00589	22867
DB00589	50056445
DB00589	85531
DB00590	86731
DB00593	50240424
DB00594	16173
DB00598	25758
DB00599	50058058
DB00600	50410520
DB00601	50116067
DB00602	50409816
DB00602	50436203
DB00603	50062404
DB00603	50067678
DB00603	86680
DB00604	50005836
DB00604	50388686
DB00605	50012899
DB00605	54707
DB00606	50192229
DB00608	22985
DB00611	50240437
DB00612	25751
DB00613	50041457
DB00616	50403562
DB00619	13530
DB00620	41132
DB00623	78433
DB00624	50025452
DB00624	50410492
DB00624	8885
DB00625	2483
DB00626	80762
DB00626	83715
DB00627	23515
DB00629	81979
DB00629	96725
DB00630	25313
DB00631	50008368
DB00633	50036913
DB00633	50085683
DB00633	50241196
DB00634	50316126
DB00636	50085047
DB00637	24226
DB00639	79206
DB00640	14487
DB00640	50134746
DB00640	50144936
DB00640	82533
DB00641	50003240
DB00641	50139181
DB00642	18796
DB00643	50180753
DB00644	50422274
DB00647	82269
DB00647	83452
DB00649	50013111
DB00650	286
DB00650	50039121
DB00651	82016
DB00652	50001028
DB00652	50001033
DB00652	50032403
DB00652	50035131
DB00652	50170663
DB00652	50407300
DB00652	50423875
DB00653	26992
DB00654	50150899
DB00654	50240648
DB00654	50423647
DB00655	17289
DB00656	50073444
DB00657	50061565
DB00657	50369323
DB00661	50005628
DB00661	50338982
DB00661	81939
DB00665	50135912
DB00666	84707
DB00667	14671
DB00667	50080995
DB00667	50155534
DB00667	50155537
DB00667	7966
DB00668	44818
DB00668	50029050
DB00668	50087512
DB00668	84342
DB00669	50005835
DB00670	39341
DB00671	84005
DB00671	84007
DB00671	88962
DB00672	50344965
DB00673	50106711
DB00673	50220136
DB00674	10404
DB00675	20607
DB00676	50134035
DB00677	50022772
DB00678	82258
DB00679	50002338
DB00681	83198
DB00681	96548
DB00682	50343352
DB00683	21363
DB00684	50366778
DB00685	38912
DB00691	50084673
DB00691	50452252
DB00692	31046
DB00694	32017
DB00694	50368352
DB00695	25902
DB00696	50027065
DB00696	86529
DB00697	50240671
DB00698	57045
DB00700	50318300
DB00701	50163391
DB00701	577
DB00703	10881
DB00703	50013792
DB00704	50000787
DB00704	60212
DB00704	86493
DB00705	1944
DB00706	50060964
DB00706	86846
DB00708	94503
DB00709	50039162
DB00709	50366817
DB00710	12577
DB00712	50074922
DB00712	50172473
DB00712	50172479
DB00713	50350483
DB00714	29643
DB00714	29644
DB00714	50001955
DB00714	86896
DB00715	22416
DB00715	50331515
DB00715	86422
DB00717	50148732
DB00719	22868
DB00720	50216172
DB00721	64452
DB00722	50367879
DB00722	66979
DB00723	50026777
DB00724	50240849
DB00725	26980
DB00726	50240410
DB00729	74260
DB00730	50121347
DB00731	50344967
DB00732	92478
DB00734	50001885
DB00735	50170647
DB00736	50241343
DB00737	81467
DB00738	45440
DB00740	30705
DB00741	13775
DB00744	50000541
DB00744	50320449
DB00744	50418083
DB00745	50156055
DB00745	50336892
DB00745	50336893
DB00746	47715
DB00747	50015720
DB00747	50368127
DB00747	50452855
DB00748	81464
DB00749	50016799
DB00751	50131441
DB00752	50028544
DB00752	50113851
DB00752	50236898
DB00752	50240772
DB00752	50261814
DB00755	31883
DB00755	31892
DB00755	50031459
DB00755	50064254
DB00756	31712
DB00757	50131427
DB00757	50366823
DB00757	50451546
DB00758	50318910
DB00758	50397662
DB00761	26979
DB00762	50128267
DB00762	51762
DB00763	50241361
DB00766	50021959
DB00766	50033685
DB00766	50240349
DB00768	50002093
DB00768	50002096
DB00770	50101828
DB00770	50101853
DB00770	82098
DB00771	50369230
DB00772	85372
DB00773	50127140
DB00774	25897
DB00775	50004058
DB00775	50039584
DB00776	34179
DB00778	50417959
DB00778	91198
DB00779	21691
DB00780	50105417
DB00781	50410807
DB00783	17292
DB00783	20624
DB00783	50005414
DB00784	50134036
DB00786	50063917
DB00786	50084665
DB00787	50021776
DB00788	50009860
DB00788	50339185
DB00788	54693
DB00788	54704
DB00792	81471
DB00793	50194601
DB00795	50097125
DB00796	50240609
DB00797	55436
DB00798	50366389
DB00799	50265951
DB00800	50049796
DB00800	60917
DB00801	50408018
DB00802	83450
DB00804	50010101
DB00805	50074289
DB00806	10850
DB00808	25901
DB00809	82371
DB00810	50240680
DB00811	50154375
DB00813	50008984
DB00814	50056998
DB00816	50295572
DB00818	50058046
DB00819	10880
DB00820	14777
DB00820	50134134
DB00820	50134147
DB00820	50134149
DB00821	50097346
DB00821	50397557
DB00821	50397558
DB00822	50058655
DB00824	50001493
DB00825	50318482
DB00826	50370755
DB00827	39350
DB00828	50024894
DB00829	50000766
DB00831	79181
DB00833	42131
DB00834	18627
DB00834	50072024
DB00834	86689
DB00835	50017666
DB00836	50017698
DB00841	50325274
DB00842	85031
DB00843	50037176
DB00843	50037187
DB00843	50422179
DB00843	8960
DB00844	50105085
DB00845	50318909
DB00845	50378783
DB00847	7968
DB00848	50241179
DB00850	50130273
DB00852	36014
DB00852	86284
DB00853	50034562
DB00854	50001000
DB00854	50003571
DB00854	50017233
DB00854	50369518
DB00854	82427
DB00855	50240386
DB00857	50018518
DB00859	39346
DB00859	50217941
DB00859	50311534
DB00860	19190
DB00861	50240510
DB00862	14776
DB00862	50111900
DB00864	50030448
DB00864	50064355
DB00864	50079777
DB00866	25764
DB00867	97162
DB00869	10884
DB00869	13054
DB00869	50041042
DB00869	50043906
DB00869	50094370
DB00870	50090676
DB00871	25770
DB00872	85095
DB00876	50011977
DB00877	36608
DB00877	36609
DB00877	50064359
DB00877	92863
DB00878	50170723
DB00878	51937
DB00878	64773
DB00880	39351
DB00881	50368166
DB00881	50452254
DB00881	50452255
DB00882	55354
DB00882	71545
DB00884	12576
DB00886	50073120
DB00887	25903
DB00889	50000483
DB00889	50443668
DB00889	50449636
DB00890	40491
DB00891	39340
DB00894	50014325
DB00894	50367848
DB00895	50352165
DB00897	50001765
DB00900	50404252
DB00902	81470
DB00903	50186231
DB00904	50241365
DB00904	85330
DB00906	50039251
DB00906	50368628
DB00907	22418
DB00907	50005532
DB00907	50005535
DB00907	50011691
DB00907	50042491
DB00907	50279749
DB00907	50279752
DB00907	50368238
DB00907	50454451
DB00907	50455945
DB00907	86207
DB00908	50017681
DB00908	50017704
DB00908	50121975
DB00908	50198085
DB00908	50367247
DB00908	50410855
DB00908	50411276
DB00909	10888
DB00912	50153520
DB00914	50240908
DB00915	50033369
DB00916	50375309
DB00917	35847
DB00917	50101822
DB00917	50213982
DB00920	50002087
DB00920	94597
DB00921	50028147
DB00921	50354578
DB00924	112774
DB00925	50017679
DB00927	22891
DB00927	50036754
DB00928	50424715
DB00929	85178
DB00929	85606
DB00933	50131440
DB00933	50370414
DB00934	35228
DB00934	50378025
DB00935	30712
DB00936	26193
DB00936	85513
DB00938	25771
DB00939	22971
DB00939	50012896
DB00941	50016845
DB00943	50145605
DB00945	22360
DB00945	50420241
DB00946	50408935
DB00946	768
DB00947	50169743
DB00950	22874
DB00951	50336507
DB00952	50073682
DB00953	50033437
DB00954	59397
DB00956	50386689
DB00958	50274681
DB00960	50019443
DB00960	50072755
DB00961	50417964
DB00962	86521
DB00964	50021812
DB00964	81926
DB00966	50043280
DB00967	50073179
DB00968	48449
DB00969	50014558
DB00969	93624
DB00970	43866
DB00970	50089528
DB00972	50341448
DB00973	50371521
DB00973	87018
DB00974	50330325
DB00975	23620
DB00976	50378137
DB00977	50187243
DB00978	50417952
DB00979	82375
DB00980	50118470
DB00981	10608
DB00981	10609
DB00981	10709
DB00981	11023
DB00981	50004000
DB00981	50222010
DB00981	50326255
DB00982	31883
DB00982	31892
DB00982	50031459
DB00982	50064254
DB00983	50151720
DB00983	86453
DB00985	50017674
DB00986	50417445
DB00987	50087289
DB00988	55121
DB00989	10620
DB00989	11682
DB00990	50398447
DB00991	50002861
DB00993	50373919
DB00994	19
DB00994	50366388
DB00995	50153291
DB00996	50080153
DB00997	22984
DB00997	32022
DB00997	43839
DB00997	50370552
DB00998	50073689
DB00999	13076
DB01000	50350474
DB01001	25769
DB01001	50361247
DB01002	50350789
DB01002	50350790
DB01002	50350791
DB01002	50417951
DB01003	50404862
DB01003	50440033
DB01004	85707
DB01005	50017811
DB01006	13061
DB01007	50370218
DB01009	50022271
DB01009	50088570
DB01009	50169048
DB01010	120262
DB01011	50028166
DB01012	50416875
DB01013	39347
DB01015	50029770
DB01016	50012957
DB01018	81984
DB01019	39342
DB01021	26998
DB01022	24782
DB01024	19264
DB01026	31768
DB01026	50004441
DB01026	50004442
DB01026	8610
DB01029	50042235
DB01030	50008935
DB01030	50034026
DB01032	50206509
DB01033	50423778
DB01034	50009248
DB01035	39344
DB01036	50165008
DB01037	15579
DB01037	39862
DB01039	50085042
DB01040	58125
DB01041	50070114
DB01042	50025837
DB01043	50062599
DB01044	50117914
DB01045	50370232
DB01048	50366816
DB01050	50009859
DB01050	50169044
DB01050	50169047
DB01050	50416759
DB01051	282
DB01051	50226181
DB01051	50423645
DB01053	37632
DB01053	50022787
DB01053	50377930
DB01055	50198715
DB01056	50291989
DB01056	50291990
DB01057	50016940
DB01058	74574
DB01059	50045000
DB01060	50350464
DB01062	50151858
DB01062	50165019
DB01063	82475
DB01064	25392
DB01064	34652
DB01064	50407517
DB01064	50407518
DB01065	9019
DB01067	50012956
DB01068	50019213
DB01069	50017696
DB01071	28347
DB01072	13934
DB01074	61402
DB01075	50017674
DB01076	22164
DB01076	50011213
DB01076	50221993
DB01077	50115102
DB01080	50118886
DB01080	50357219
DB01081	50401672
DB01082	50366387
DB01083	24567
DB01083	24988
DB01083	50274723
DB01084	50019624
DB01085	50008072
DB01085	50008075
DB01087	50149893
DB01087	71542
DB01091	50436713
DB01092	50286739
DB01093	50026472
DB01094	23418
DB01095	50007276
DB01095	50139803
DB01095	50139812
DB01095	50160794
DB01095	50368147
DB01095	86704
DB01097	50054601
DB01098	18372
DB01098	50371228
DB01100	50334150
DB01103	50015214
DB01104	50028094
DB01104	79021
DB01104	82216
DB01104	82217
DB01104	82218
DB01104	86421
DB01105	84742
DB01106	50019405
DB01106	85844
DB01110	31772
DB01110	50139808
DB01110	50139811
DB01112	50350472
DB01112	50422689
DB01112	82627
DB01113	14754
DB01114	35938
DB01116	82545
DB01118	18957
DB01119	86248
DB01122	50262988
DB01123	12590
DB01124	50027886
DB01125	50280155
DB01126	50032759
DB01126	50057487
DB01126	50340481
DB01127	31773
DB01128	18525
DB01128	18678
DB01128	18692
DB01129	50409892
DB01129	50409894
DB01133	50442524
DB01136	25759
DB01137	50045004
DB01137	50366826
DB01139	50350469
DB01139	50370592
DB01140	50350467
DB01142	112780
DB01142	50079527
DB01144	10883
DB01146	50241333
DB01147	50022788
DB01149	50069447
DB01151	35229
DB01155	50178917
DB01156	50048392
DB01157	18268
DB01159	50112212
DB01160	50020300
DB01160	50035622
DB01160	85340
DB01160	97180
DB01162	50033111
DB01164	26979
DB01165	50045004
DB01165	50366826
DB01167	50011478
DB01167	50127138
DB01171	15613
DB01173	50062614
DB01174	50021437
DB01175	25870
DB01175	50302225
DB01175	86046
DB01177	114949
DB01177	58490
DB01179	50035218
DB01182	50067133
DB01183	50000788
DB01183	54795
DB01183	86260
DB01184	50241107
DB01185	18189
DB01185	50073060
DB01186	50017543
DB01186	50028421
DB01186	86233
DB01188	66087
DB01191	84738
DB01191	85596
DB01191	85597
DB01192	50001707
DB01193	25755
DB01194	10885
DB01194	13056
DB01195	50131434
DB01196	50333646
DB01197	21642
DB01197	50011362
DB01197	50011367
DB01197	50140754
DB01197	50406955
DB01199	50000690
DB01199	50366799
DB01199	81458
DB01199	86242
DB01200	70294
DB01200	81993
DB01202	50001546
DB01202	50422542
DB01203	25766
DB01204	67690
DB01205	26263
DB01207	50003795
DB01208	50366822
DB01209	50276568
DB01211	50106545
DB01211	50404044
DB01212	50049707
DB01212	83201
DB01216	50025356
DB01216	50334788
DB01216	92326
DB01217	10015
DB01218	79214
DB01220	50347620
DB01221	50044140
DB01222	50354850
DB01223	10847
DB01223	7972
DB01223	82053
DB01224	50095890
DB01227	50027391
DB01229	50001839
DB01232	50010494
DB01232	50039563
DB01232	50373904
DB01232	50373905
DB01232	519
DB01233	48320
DB01234	18207
DB01234	73823
DB01235	4377
DB01235	50130192
DB01237	81465
DB01238	50130293
DB01239	50130257
DB01239	50240514
DB01240	82215
DB01241	50110590
DB01242	77970
DB01243	32147
DB01244	78577
DB01245	50060582
DB01246	50062261
DB01248	36351
DB01253	50390991
DB01253	81446
DB01254	13216
DB01259	5445
DB01261	11162
DB01261	126822
DB01262	96274
DB01263	50181473
DB01264	8125
DB01265	1
DB01267	50252513
DB01268	4814
DB01273	50166908
DB01274	50151720
DB01274	86453
DB01275	81461
DB01283	50207446
DB01288	50131281
DB01288	50213098
DB01288	50213103
DB01288	50213106
DB01288	50213114
DB01288	50221768
DB01294	26193
DB01294	85513
DB01297	25749
DB01303	50026220
DB01321	50417950
DB01325	25898
DB01326	50350468
DB01326	53512
DB01327	50370587
DB01329	50390999
DB01330	80643
DB01331	50169176
DB01331	50335563
DB01331	57046
DB01333	50370585
DB01337	86425
DB01339	50424713
DB01339	86424
DB01342	50049209
DB01346	50017681
DB01346	50017704
DB01346	50021437
DB01346	50121975
DB01346	50198085
DB01346	50367247
DB01346	50410855
DB01346	50411276
DB01348	50017124
DB01349	50040439
DB01359	82364
DB01361	50370258
DB01364	36014
DB01364	86284
DB01365	81455
DB01367	10989
DB01367	11000
DB01375	18133
DB01380	50455157
DB01388	50117922
DB01388	78934
DB01390	26986
DB01390	26987
DB01392	50013515
DB01392	50026636
DB01392	50027058
DB01392	50167576
DB01392	50203564
DB01392	50407152
DB01392	86230
DB01393	28701
DB01394	50014846
DB01396	46356
DB01397	26193
DB01397	85513
DB01398	26193
DB01398	85513
DB01399	85244
DB01400	50022775
DB01401	26193
DB01401	50026220
DB01401	85513
DB01403	50339137
DB01403	50418049
DB01406	50423541
DB01406	73822
DB01407	27958
DB01409	50296345
DB01411	85674
DB01412	50014260
DB01413	50350470
DB01415	50370586
DB01416	50292251
DB01420	50215709
DB01422	64987
DB01424	74258
DB01425	50023804
DB01427	34651
DB01428	50253134
DB01433	50027391
DB01434	50039160
DB01438	50420356
DB01440	50023575
DB01445	50024206
DB01446	50014210
DB01454	50010588
DB01454	85332
DB01454	86234
DB01460	50094676
DB01462	50013847
DB01465	50005251
DB01465	50098528
DB01467	50359498
DB01467	81965
DB01471	50423546
DB01472	50024209
DB01477	26980
DB01477	82928
DB01481	50025425
DB01482	26979
DB01484	50005257
DB01484	50064708
DB01484	50274042
DB01486	50022722
DB01486	50367603
DB01486	50405613
DB01486	50405615
DB01488	50026868
DB01490	85705
DB01494	50357226
DB01497	50369821
DB01497	50369822
DB01497	82425
DB01509	50005247
DB01509	86238
DB01509	86239
DB01511	50026858
DB01515	50008039
DB01515	50042482
DB01516	50005256
DB01520	50004107
DB01522	50027391
DB01524	50178323
DB01524	50223237
DB01525	50005565
DB01526	50410526
DB01528	50005265
DB01528	50359506
DB01528	50367392
DB01529	85033
DB01530	50093445
DB01530	50375558
DB01530	50410527
DB01535	50012477
DB01536	50025428
DB01536	8592
DB01536	91713
DB01537	50005267
DB01541	91719
DB01544	25878
DB01548	21865
DB01548	50001714
DB01548	50076002
DB01555	50027391
DB01556	85704
DB01560	86286
DB01561	50025405
DB01561	50422491
DB01564	50423546
DB01565	50021325
DB01565	50452273
DB01565	86518
DB01570	50033530
DB01570	50033531
DB01570	50033532
DB01570	50033533
DB01570	50033534
DB01570	50033535
DB01570	50033536
DB01570	50033537
DB01570	50454092
DB01571	50021347
DB01571	50034620
DB01571	50034623
DB01576	50005246
DB01576	50022721
DB01576	50022723
DB01577	50009057
DB01577	50359499
DB01577	50359500
DB01580	50240370
DB01583	18860
DB01583	50007
DB01583	50178971
DB01583	50225220
DB01583	50301375
DB01586	21674
DB01586	50420187
DB01586	53721
DB01591	26121
DB01591	50175570
DB01591	50344284
DB01591	50370682
DB01591	50370683
DB01595	50020856
DB01597	50367502
DB01598	50049708
DB01599	50007260
DB01601	578
DB01603	50130829
DB01606	50053173
DB01606	50157692
DB01606	50421413
DB01607	50270008
DB01608	50346422
DB01614	50131719
DB01616	37636
DB01618	50130290
DB01619	50089147
DB01620	50017656
DB01621	81798
DB01622	81793
DB01623	78576
DB01623	86187
DB01624	50393327
DB01624	79209
DB01624	81491
DB01625	82074
DB01626	50172756
DB01627	50335522
DB01627	92333
DB01628	50072064
DB01629	50132299
DB01640	15337
DB01642	103981
DB01642	120768
DB01642	50147927
DB01642	50166886
DB01642	50243888
DB01642	50244377
DB01643	50332929
DB01645	19459
DB01647	14772
DB01647	50308512
DB01650	50146462
DB01656	14774
DB01658	50373729
DB01660	36312
DB01660	50118217
DB01660	86479
DB01664	50107954
DB01668	114207
DB01668	29507
DB01671	50312640
DB01671	50351172
DB01672	92456
DB01677	26122
DB01677	50257203
DB01678	14691
DB01683	87059
DB01685	50311275
DB01686	92901
DB01687	50370453
DB01688	50008543
DB01689	50222612
DB01690	50184368
DB01690	50308336
DB01691	8733
DB01694	50427212
DB01695	50379999
DB01696	50325824
DB01700	22579
DB01700	50080321
DB01702	52946
DB01703	50167930
DB01703	50167931
DB01703	50167933
DB01703	50167934
DB01703	50167935
DB01703	50167936
DB01703	50167937
DB01708	50223368
DB01717	50404859
DB01717	50435017
DB01717	86485
DB01718	58941
DB01720	50166405
DB01722	50167951
DB01723	50086090
DB01723	50086093
DB01723	50132541
DB01727	50244093
DB01727	50431013
DB01727	92496
DB01729	50075183
DB01729	50082886
DB01732	1157
DB01732	1158
DB01732	1159
DB01732	1160
DB01732	50121504
DB01733	50362544
DB01733	50362545
DB01734	50416040
DB01737	50067532
DB01739	18140
DB01741	14342
DB01741	14929
DB01744	36263
DB01745	50072854
DB01746	50219348
DB01748	12013
DB01750	50022186
DB01752	50009672
DB01752	50109313
DB01752	50142501
DB01752	50308984
DB01752	50405276
DB01752	92642
DB01756	50148790
DB01758	37633
DB01759	50031467
DB01761	15240
DB01761	50077953
DB01762	50390990
DB01765	11319
DB01767	16303
DB01771	14334
DB01772	50312990
DB01773	50060737
DB01776	50008548
DB01782	16018
DB01782	50433916
DB01784	84662
DB01786	50000099
DB01786	50000109
DB01786	92998
DB01791	14775
DB01793	8269
DB01795	26996
DB01796	26115
DB01803	50055164
DB01809	25116
DB01812	50062279
DB01816	36388
DB01816	50016704
DB01816	50280031
DB01819	50366413
DB01820	13953
DB01821	22030
DB01821	50430747
DB01823	50057754
DB01823	50102880
DB01823	50102884
DB01823	50211296
DB01823	50263768
DB01823	50363875
DB01828	50416492
DB01830	50111439
DB01833	50271982
DB01833	50370459
DB01836	50372527
DB01843	50057745
DB01845	50167957
DB01851	50416487
DB01852	7462
DB01858	50152524
DB01860	86487
DB01861	50209659
DB01861	50209666
DB01861	50209668
DB01861	50304030
DB01861	50423218
DB01863	50075651
DB01864	50378578
DB01864	81823
DB01865	8720
DB01866	14677
DB01877	50084216
DB01878	22726
DB01880	4375
DB01884	50118952
DB01884	50178428
DB01885	50366565
DB01888	11428
DB01889	50134722
DB01894	50063302
DB01894	50078332
DB01896	50067906
DB01900	50008558
DB01903	50010238
DB01903	50094611
DB01905	13939
DB01905	50102782
DB01906	50143061
DB01908	14695
DB01910	50378739
DB01910	50406624
DB01910	92471
DB01912	38924
DB01917	50009385
DB01919	50028837
DB01924	50015184
DB01928	10441
DB01928	50199522
DB01928	50342601
DB01931	50001266
DB01933	17054
DB01933	50280450
DB01933	50283886
DB01935	50006115
DB01935	50024095
DB01935	92501
DB01941	50032671
DB01942	50155538
DB01946	2695
DB01947	14680
DB01948	15242
DB01950	50229962
DB01951	23334
DB01951	50068547
DB01953	13346
DB01954	14361
DB01954	50042056
DB01954	50042058
DB01956	50357220
DB01957	50167952
DB01958	18047
DB01959	14798
DB01961	50233301
DB01962	50080265
DB01963	26142
DB01964	11933
DB01965	50386619
DB01972	50010318
DB01972	50326433
DB01972	81822
DB01972	92537
DB01977	50138670
DB01979	103981
DB01979	120768
DB01979	50147927
DB01979	50166886
DB01979	50243888
DB01979	50244377
DB01980	50200187
DB01987	92962
DB01992	50367033
DB01995	50421668
DB02000	36184
DB02001	18048
DB02003	50042874
DB02004	11593
DB02007	50275807
DB02007	50373066
DB02008	50133801
DB02009	50109714
DB02009	50408998
DB02010	130909
DB02010	2579
DB02010	31096
DB02010	32337
DB02010	50059889
DB02010	50423654
DB02011	50079023
DB02013	26985
DB02014	13990
DB02015	18044
DB02016	50128065
DB02018	50010257
DB02019	50059618
DB02020	16415
DB02021	16512
DB02021	50089423
DB02021	50151407
DB02021	50151408
DB02024	50304072
DB02026	50041176
DB02026	50091145
DB02027	21960
DB02027	50255304
DB02027	50430746
DB02029	129304
DB02031	50022833
DB02031	50391006
DB02032	21642
DB02032	50011362
DB02032	50011367
DB02032	50140754
DB02032	50406955
DB02033	50291058
DB02033	763
DB02034	50016706
DB02034	50168995
DB02035	50396293
DB02036	50141373
DB02037	50108010
DB02041	50125767
DB02044	50065805
DB02044	50226527
DB02047	50074933
DB02049	50146636
DB02053	50405130
DB02054	50226518
DB02054	50340077
DB02056	21544
DB02056	50163943
DB02057	17662
DB02057	50002370
DB02057	50026947
DB02057	85214
DB02059	50192448
DB02060	6
DB02061	50370453
DB02062	50087088
DB02062	50087106
DB02062	50105262
DB02068	50137035
DB02069	12014
DB02070	50288255
DB02071	50096463
DB02072	50118787
DB02074	50427207
DB02077	21961
DB02077	50136949
DB02077	50138976
DB02077	50272006
DB02077	50370361
DB02082	81791
DB02082	85784
DB02088	50316030
DB02089	50149207
DB02090	50071244
DB02091	8037
DB02093	50342610
DB02094	50115621
DB02095	11022
DB02096	22917
DB02097	50087289
DB02098	11941
DB02098	50062282
DB02100	103981
DB02100	120768
DB02100	50147927
DB02100	50166886
DB02100	50243888
DB02100	50244377
DB02101	16512
DB02101	50089423
DB02101	50151407
DB02101	50151408
DB02104	50029766
DB02105	50017846
DB02107	74420
DB02109	50149248
DB02111	23242
DB02112	17281
DB02113	92423
DB02115	50409029
DB02116	5718
DB02120	50366472
DB02123	50375586
DB02123	50375590
DB02130	50337364
DB02131	50064274
DB02132	16496
DB02134	82009
DB02139	50128067
DB02141	50271882
DB02145	36173
DB02152	2580
DB02152	50118955
DB02152	6760
DB02153	86194
DB02161	82370
DB02166	31904
DB02169	50097634
DB02169	50110676
DB02170	11314
DB02172	50031481
DB02172	50037814
DB02172	50099008
DB02172	50234564
DB02172	50241865
DB02172	50375510
DB02174	93009
DB02175	14673
DB02175	50159797
DB02176	50074329
DB02176	50159793
DB02181	50165116
DB02187	50423544
DB02189	50164644
DB02192	85807
DB02196	50197974
DB02197	7657
DB02198	50119693
DB02201	14673
DB02201	50159797
DB02205	50240591
DB02211	11002
DB02216	50213729
DB02220	11936
DB02220	11937
DB02221	12021
DB02226	50377920
DB02232	26188
DB02234	50055281
DB02235	50366922
DB02239	82191
DB02255	50062339
DB02255	50062351
DB02255	50062352
DB02261	85035
DB02263	50420199
DB02266	17636
DB02266	85514
DB02268	5274
DB02269	13894
DB02271	50270015
DB02277	14831
DB02279	50102174
DB02280	16420
DB02280	16421
DB02280	92715
DB02282	22111
DB02287	13937
DB02287	50100897
DB02288	14331
DB02288	50102789
DB02289	92990
DB02292	13058
DB02294	36386
DB02297	24626
DB02300	50369964
DB02304	82212
DB02309	50231945
DB02309	82540
DB02309	92540
DB02312	50275807
DB02312	50373066
DB02315	50369127
DB02320	50240802
DB02321	50304165
DB02323	17290
DB02323	50179201
DB02324	50010242
DB02324	50094623
DB02329	50005105
DB02329	50247012
DB02331	50126669
DB02333	50205416
DB02335	50150920
DB02336	14697
DB02337	50189917
DB02339	50128045
DB02341	50035495
DB02341	50058341
DB02341	50065151
DB02342	50060957
DB02344	50063302
DB02344	50078332
DB02347	50304093
DB02350	50082545
DB02350	50408759
DB02352	13337
DB02354	17297
DB02355	50369451
DB02355	50410190
DB02355	50410192
DB02359	15378
DB02360	50139758
DB02362	50145829
DB02362	50340076
DB02365	50092158
DB02367	50095567
DB02369	50113292
DB02372	50016818
DB02375	15236
DB02376	36390
DB02378	16271
DB02379	34103
DB02379	50077229
DB02379	50102882
DB02379	50147883
DB02379	50165726
DB02379	50240803
DB02379	50351158
DB02379	50423644
DB02379	50448403
DB02381	50008099
DB02383	16314
DB02386	50024594
DB02386	50024597
DB02386	50129679
DB02388	16016
DB02398	50138662
DB02401	23232
DB02403	50167958
DB02406	36182
DB02407	5485
DB02411	13928
DB02411	50288192
DB02421	50209659
DB02421	50209666
DB02421	50209668
DB02421	50304030
DB02421	50423218
DB02424	50008059
DB02427	50066490
DB02429	12015
DB02432	14692
DB02435	50113829
DB02436	13613
DB02441	50125763
DB02446	50129196
DB02446	93010
DB02447	50454688
DB02452	50164648
DB02456	31913
DB02456	50310540
DB02458	50391004
DB02459	50014341
DB02463	13942
DB02463	14327
DB02463	50102768
DB02464	10999
DB02465	50132713
DB02466	31887
DB02467	50366922
DB02471	36386
DB02473	50138667
DB02477	50034993
DB02481	50064288
DB02482	50162817
DB02489	50143052
DB02491	50206280
DB02493	50149203
DB02495	21866
DB02496	50153712
DB02503	50067886
DB02504	50055341
DB02507	50343352
DB02509	11021
DB02513	50240432
DB02517	17657
DB02517	26431
DB02517	50002371
DB02517	50013055
DB02517	93012
DB02519	50313615
DB02519	84534
DB02520	50010231
DB02520	50428474
DB02522	92967
DB02524	86486
DB02525	36390
DB02526	14144
DB02526	50115861
DB02527	10851
DB02527	50384264
DB02527	81289
DB02530	24183
DB02531	50340058
DB02532	50404663
DB02533	50207159
DB02533	86154
DB02536	16241
DB02538	7642
DB02539	50055281
DB02544	50128063
DB02545	50167161
DB02546	19149
DB02550	15381
DB02551	50138673
DB02556	18073
DB02556	92701
DB02558	50050128
DB02567	6568
DB02568	50039542
DB02581	50229786
DB02583	50051913
DB02585	50153443
DB02586	50401348
DB02587	50010261
DB02592	50280172
DB02594	50367094
DB02596	50026203
DB02596	50118221
DB02600	4994
DB02601	50403035
DB02602	11935
DB02610	12023
DB02615	50157156
DB02615	50157165
DB02616	22918
DB02616	50170632
DB02618	50007995
DB02622	50118789
DB02627	50067910
DB02628	13166
DB02628	13167
DB02628	13180
DB02629	359
DB02630	50405130
DB02631	20079
DB02631	50121753
DB02633	50118231
DB02633	50300129
DB02636	50306859
DB02637	23230
DB02639	18352
DB02639	50361738
DB02644	50061231
DB02644	50240716
DB02647	7127
DB02648	50037268
DB02651	13596
DB02655	18125
DB02655	31174
DB02656	12915
DB02659	21680
DB02660	14771
DB02662	50118778
DB02663	50174527
DB02663	82008
DB02663	85288
DB02664	50067884
DB02665	50028544
DB02665	50113851
DB02665	50236898
DB02665	50240772
DB02665	50261814
DB02668	580
DB02669	50051785
DB02669	50051805
DB02671	7884
DB02673	10406
DB02683	851
DB02684	50339905
DB02690	50068774
DB02691	50375589
DB02691	50420252
DB02691	58943
DB02692	50373697
DB02701	27507
DB02702	154
DB02703	57048
DB02703	58924
DB02704	584
DB02704	585
DB02705	50138665
DB02709	23926
DB02709	50131698
DB02712	16312
DB02712	50022464
DB02713	82197
DB02714	50292722
DB02714	50292724
DB02715	50157156
DB02715	50157165
DB02716	50294222
DB02716	50316302
DB02716	50370488
DB02719	50102888
DB02720	50057727
DB02720	50102890
DB02720	50102891
DB02720	50147890
DB02720	50147912
DB02720	50306562
DB02723	50107064
DB02728	50095995
DB02731	50366032
DB02731	60990
DB02733	7478
DB02740	92683
DB02741	31886
DB02743	50370453
DB02744	14059
DB02746	50080272
DB02747	50241370
DB02750	50109584
DB02750	50109609
DB02750	86203
DB02751	50021601
DB02752	50149243
DB02754	15374
DB02757	50390969
DB02758	31879
DB02758	92684
DB02760	50380322
DB02762	14684
DB02765	50257055
DB02779	50060599
DB02786	50170813
DB02789	50375319
DB02790	50303348
DB02791	50420222
DB02795	23435
DB02797	50067887
DB02801	50170812
DB02804	194
DB02805	50292722
DB02805	50292724
DB02812	50131977
DB02812	50228764
DB02815	50167941
DB02818	50060627
DB02822	50150787
DB02823	50008089
DB02827	50299461
DB02828	82192
DB02830	22937
DB02831	14671
DB02831	50080995
DB02831	50155534
DB02831	50155537
DB02833	50229973
DB02833	8061
DB02834	50222611
DB02839	74208
DB02840	50161650
DB02841	39812
DB02846	50357232
DB02848	50117957
DB02852	50252103
DB02853	50000100
DB02853	50000105
DB02853	50357224
DB02854	17639
DB02854	50191348
DB02854	50236240
DB02854	50375560
DB02857	50206506
DB02857	50366814
DB02857	50409930
DB02858	50115616
DB02860	40776
DB02860	50110681
DB02861	12022
DB02872	50392531
DB02873	15241
DB02875	14347
DB02875	50102777
DB02877	50032219
DB02877	50045268
DB02880	50078284
DB02883	50349537
DB02884	50179724
DB02884	50179725
DB02887	50130699
DB02887	50370655
DB02888	50400862
DB02890	50199178
DB02893	50142500
DB02893	86195
DB02894	13057
DB02896	50412071
DB02900	50275807
DB02900	50373066
DB02901	18161
DB02901	50366473
DB02901	50410540
DB02901	50410541
DB02908	14678
DB02909	50175442
DB02911	50081594
DB02915	8049
DB02916	50454088
DB02918	14769
DB02919	50051920
DB02930	36312
DB02930	50118217
DB02930	86479
DB02932	18525
DB02932	18678
DB02932	18692
DB02936	50055291
DB02938	50240408
DB02946	50078312
DB02946	50086741
DB02947	50008363
DB02947	50370376
DB02948	50153713
DB02952	36629
DB02953	50109593
DB02953	50281176
DB02959	50403163
DB02959	92700
DB02963	11442
DB02964	50211294
DB02964	50263769
DB02966	50060635
DB02967	50220832
DB02969	50016817
DB02972	50028649
DB02976	50304032
DB02984	50083955
DB02986	11931
DB02991	50058464
DB02993	50108008
DB02994	92451
DB02995	81970
DB02996	50109591
DB02998	50367916
DB02999	17660
DB02999	50164445
DB02999	86211
DB03000	50257055
DB03005	50149201
DB03009	50152883
DB03012	50121269
DB03012	50121272
DB03020	50368629
DB03020	50368954
DB03023	50142887
DB03026	50167777
DB03029	50008560
DB03030	8738
DB03034	50045004
DB03034	50366826
DB03035	11313
DB03039	12018
DB03041	50197975
DB03041	50209665
DB03042	50322321
DB03044	13533
DB03046	50147085
DB03052	7962
DB03056	50218206
DB03062	50121720
DB03066	50159794
DB03066	50257205
DB03066	50420196
DB03067	50149311
DB03068	50065260
DB03068	50367350
DB03070	50369348
DB03072	27709
DB03073	50106188
DB03076	335
DB03078	14688
DB03080	50005781
DB03082	50147093
DB03083	50008516
DB03083	50263829
DB03083	50375651
DB03084	16015
DB03086	50141701
DB03089	18125
DB03089	31174
DB03093	15382
DB03095	50079455
DB03102	50118744
DB03104	14698
DB03107	50000102
DB03108	50148790
DB03110	36301
DB03114	14685
DB03120	50294029
DB03121	50055737
DB03125	18069
DB03127	50038002
DB03127	772
DB03128	10759
DB03132	50167942
DB03134	50052549
DB03136	14169
DB03136	50098137
DB03137	15384
DB03138	36131
DB03140	50067885
DB03144	50230418
DB03148	18136
DB03148	50378656
DB03154	50069997
DB03154	50107745
DB03157	50161779
DB03159	14142
DB03159	50102780
DB03162	23251
DB03166	50074329
DB03166	50159793
DB03172	50000298
DB03172	50307455
DB03173	14332
DB03173	50115856
DB03176	18869
DB03177	50208880
DB03181	50123046
DB03183	14796
DB03186	50402338
DB03191	85447
DB03193	50240485
DB03197	50115144
DB03201	50109584
DB03201	50109609
DB03201	86203
DB03202	50036118
DB03203	50009730
DB03203	83205
DB03206	113762
DB03206	18351
DB03206	50065259
DB03206	50163438
DB03206	50163439
DB03206	50163440
DB03206	50163441
DB03206	50163442
DB03206	50163443
DB03206	50163445
DB03206	50163446
DB03206	50163447
DB03206	50240927
DB03206	50312525
DB03206	50403110
DB03206	50403114
DB03208	42257
DB03208	50135166
DB03208	50241052
DB03208	92485
DB03216	50006215
DB03218	50263770
DB03220	22948
DB03221	11936
DB03221	11937
DB03222	50118233
DB03227	50366763
DB03228	50004694
DB03229	50390988
DB03231	50143049
DB03233	50118626
DB03234	50128070
DB03240	50107595
DB03240	50252917
DB03243	50113835
DB03247	50421345
DB03251	14083
DB03251	50131979
DB03251	50139747
DB03252	50352165
DB03255	26187
DB03256	286
DB03256	50039121
DB03257	50157212
DB03260	50323740
DB03262	11390
DB03268	14696
DB03276	50102025
DB03280	50366828
DB03280	50367700
DB03283	50242419
DB03285	50042944
DB03292	85077
DB03294	13072
DB03298	14675
DB03305	50072297
DB03306	14679
DB03308	50129200
DB03308	50129202
DB03311	50341989
DB03312	50366681
DB03312	50375781
DB03319	50126763
DB03319	85741
DB03319	85742
DB03319	85744
DB03321	50040515
DB03321	50063303
DB03322	25761
DB03322	36108
DB03322	50246936
DB03322	60973
DB03323	50370453
DB03328	26990
DB03331	50100471
DB03332	50115155
DB03338	50347460
DB03345	7971
DB03346	50410534
DB03348	10632
DB03348	50159747
DB03348	50199518
DB03349	50367001
DB03351	50107995
DB03354	50295847
DB03355	50366646
DB03355	50426200
DB03357	16420
DB03357	16421
DB03357	92715
DB03365	4622
DB03367	50264813
DB03368	50099118
DB03370	22949
DB03379	50311531
DB03383	35346
DB03387	82145
DB03388	50139683
DB03389	16234
DB03392	50363874
DB03395	50006202
DB03397	50197974
DB03401	50075183
DB03401	50082886
DB03403	31913
DB03403	50310540
DB03405	19807
DB03405	50098579
DB03411	50016703
DB03411	50031485
DB03411	50194701
DB03411	50234567
DB03411	50375511
DB03413	50179185
DB03416	92961
DB03424	23971
DB03424	50010142
DB03424	50010205
DB03424	50010208
DB03424	50010210
DB03424	50010211
DB03424	50010222
DB03424	50046325
DB03424	50367209
DB03425	50031702
DB03425	50031703
DB03425	50031704
DB03425	50031705
DB03428	7238
DB03435	50096295
DB03435	50118239
DB03435	50318022
DB03435	50403871
DB03444	50012188
DB03449	50122307
DB03453	50147974
DB03458	50381264
DB03461	50192451
DB03461	50422885
DB03462	50134397
DB03463	50008567
DB03466	31882
DB03466	31884
DB03466	31885
DB03467	19461
DB03467	23419
DB03468	13017
DB03475	50078329
DB03476	50157085
DB03480	50201925
DB03480	50284826
DB03485	50242419
DB03488	50304032
DB03490	50378818
DB03492	50042874
DB03493	50370484
DB03494	14148
DB03494	50115865
DB03496	31099
DB03496	50079331
DB03496	50403757
DB03496	5655
DB03498	50008082
DB03499	50159798
DB03499	50257204
DB03499	92495
DB03501	50209659
DB03501	50209666
DB03501	50209668
DB03501	50304030
DB03501	50423218
DB03503	4933
DB03504	15379
DB03509	27720
DB03515	50423545
DB03516	50124202
DB03519	50357215
DB03519	50357223
DB03519	92984
DB03523	15339
DB03523	50069959
DB03525	14682
DB03526	11930
DB03528	14487
DB03528	50134746
DB03528	50144936
DB03528	82533
DB03534	8716
DB03535	50038879
DB03541	18771
DB03541	50008294
DB03541	50028408
DB03553	50270021
DB03554	50124203
DB03558	50149206
DB03559	50064278
DB03560	50177411
DB03565	50366475
DB03566	50009353
DB03568	26109
DB03568	50079401
DB03571	50143043
DB03572	22919
DB03575	83449
DB03577	50272706
DB03577	50272707
DB03577	50272708
DB03591	14693
DB03593	50316304
DB03593	50370490
DB03595	14357
DB03598	11391
DB03600	23433
DB03601	50228333
DB03601	50241408
DB03603	50346168
DB03604	18862
DB03605	50126661
DB03605	50139673
DB03606	14361
DB03606	50042056
DB03606	50042058
DB03608	50000999
DB03609	50144937
DB03611	50070637
DB03618	50273604
DB03619	50375599
DB03619	50423621
DB03623	16017
DB03625	119131
DB03625	22590
DB03625	50003896
DB03625	50005518
DB03628	14687
DB03632	10853
DB03632	50173286
DB03640	50378533
DB03640	85209
DB03642	19769
DB03642	50098577
DB03643	13937
DB03643	50100897
DB03647	50139688
DB03649	50115109
DB03651	34612
DB03655	5024
DB03657	50363873
DB03661	85473
DB03663	5482
DB03666	50118628
DB03670	50118792
DB03677	50143925
DB03678	50078304
DB03681	26979
DB03685	50367025
DB03685	50398699
DB03693	92674
DB03694	50240041
DB03695	18224
DB03699	50431012
DB03705	18068
DB03707	50058459
DB03710	50255074
DB03712	14694
DB03714	50103240
DB03718	21340
DB03719	21220
DB03719	86761
DB03721	50063302
DB03721	50078332
DB03722	27682
DB03726	50004699
DB03728	50340070
DB03728	50405318
DB03737	10109
DB03741	50240453
DB03741	50412188
DB03741	50412189
DB03742	50144849
DB03742	50144851
DB03744	50136446
DB03745	50405130
DB03747	50327038
DB03747	50377445
DB03748	50128066
DB03749	50161651
DB03750	50269962
DB03752	50308510
DB03753	50139246
DB03756	50210259
DB03759	82560
DB03760	16436
DB03761	50022238
DB03761	50351763
DB03765	50298711
DB03766	50082199
DB03766	50257201
DB03767	50121548
DB03768	13929
DB03768	50288179
DB03769	50316222
DB03771	50128056
DB03773	50242419
DB03775	66184
DB03777	2683
DB03780	50240341
DB03782	16176
DB03783	50420191
DB03784	23028
DB03785	50006408
DB03785	50280409
DB03785	50406129
DB03785	50406568
DB03785	50406681
DB03793	36181
DB03796	50152850
DB03800	50028108
DB03800	50186267
DB03802	20609
DB03803	12222
DB03804	50054768
DB03807	14797
DB03808	50015234
DB03809	15376
DB03817	92987
DB03819	50015089
DB03823	50135165
DB03823	50135171
DB03823	50187665
DB03823	50373220
DB03824	14060
DB03825	50336500
DB03828	14681
DB03832	50403027
DB03833	50374363
DB03835	50454694
DB03837	19516
DB03837	50243232
DB03839	18129
DB03839	92702
DB03841	50098068
DB03844	12019
DB03847	50076390
DB03849	14773
DB03849	50346088
DB03851	50152851
DB03852	53430
DB03852	58275
DB03854	50323741
DB03856	50028197
DB03859	50057723
DB03859	50147921
DB03861	50377440
DB03862	36387
DB03865	14152
DB03865	50106240
DB03867	36554
DB03869	50339906
DB03871	50042874
DB03876	14171
DB03877	11934
DB03880	50063918
DB03882	50093445
DB03882	50375558
DB03882	50410527
DB03884	50269985
DB03888	50128058
DB03891	50408519
DB03892	50240714
DB03894	10989
DB03894	11000
DB03899	15375
DB03902	14674
DB03902	92964
DB03908	12214
DB03908	50066915
DB03909	18135
DB03909	50370142
DB03910	50240717
DB03911	16234
DB03916	50162319
DB03918	50373697
DB03921	21492
DB03924	11315
DB03926	50093445
DB03926	50375558
DB03926	50410527
DB03929	23167
DB03929	50357212
DB03937	50071521
DB03940	23222
DB03943	92995
DB03946	50100861
DB03949	50050160
DB03953	50095201
DB03955	113762
DB03955	18351
DB03955	50065259
DB03955	50163438
DB03955	50163439
DB03955	50163440
DB03955	50163441
DB03955	50163442
DB03955	50163443
DB03955	50163445
DB03955	50163446
DB03955	50163447
DB03955	50240927
DB03955	50312525
DB03955	50403110
DB03955	50403114
DB03956	50075183
DB03956	50082886
DB03958	50294220
DB03974	50309588
DB03980	15238
DB03982	13952
DB03983	26990
DB03987	50051923
DB03989	34103
DB03989	50077229
DB03989	50102882
DB03989	50147883
DB03989	50165726
DB03989	50240803
DB03989	50351158
DB03989	50423644
DB03989	50448403
DB03991	4706
DB03991	50032861
DB03991	50078328
DB03993	50340062
DB03994	7973
DB03995	11
DB03996	24066
DB04000	50060636
DB04000	50252873
DB04001	50118796
DB04003	50103782
DB04005	50023910
DB04005	50118213
DB04006	6676
DB04010	50093373
DB04013	50057731
DB04013	50147896
DB04014	7262
DB04014	84528
DB04016	50208224
DB04017	15581
DB04018	50271827
DB04020	50121626
DB04027	21959
DB04029	50308386
DB04030	8767
DB04035	50115618
DB04035	50370963
DB04037	50154215
DB04038	50378884
DB04042	340
DB04044	50149303
DB04046	103981
DB04046	120768
DB04046	50147927
DB04046	50166886
DB04046	50243888
DB04046	50244377
DB04054	15383
DB04056	50376751
DB04059	50147086
DB04062	50242419
DB04065	50064286
DB04066	4374
DB04071	50368955
DB04074	50390989
DB04078	50167954
DB04080	14676
DB04081	50041041
DB04088	50131545
DB04089	11932
DB04092	50078401
DB04097	50304034
DB04098	3149
DB04098	3182
DB04098	50055671
DB04098	50285232
DB04100	50067772
DB04100	50115290
DB04100	50115291
DB04100	50115292
DB04100	50115293
DB04100	50115294
DB04102	50106536
DB04105	50064266
DB04107	17295
DB04108	17589
DB04114	10597
DB04114	50200343
DB04114	50369748
DB04115	50203126
DB04116	50057750
DB04116	50454691
DB04122	50275807
DB04122	50373066
DB04125	50060029
DB04125	50060038
DB04125	50060051
DB04127	50405137
DB04129	17661
DB04129	50061058
DB04132	50043758
DB04132	50095998
DB04137	81330
DB04137	81874
DB04137	81995
DB04137	86059
DB04140	50098918
DB04145	92392
DB04145	92860
DB04147	50327308
DB04149	14361
DB04149	50042056
DB04149	50042058
DB04152	50126764
DB04154	50162321
DB04156	26978
DB04160	50079022
DB04160	50278316
DB04163	18045
DB04166	50376751
DB04168	50449125
DB04172	16174
DB04172	23869
DB04175	50004952
DB04177	66977
DB04179	50167940
DB04180	12017
DB04185	50357215
DB04185	50357223
DB04185	92984
DB04186	6619
DB04188	50015358
DB04190	12217
DB04190	50121500
DB04191	50009240
DB04191	903
DB04196	6645
DB04200	50240921
DB04204	50107743
DB04209	50048403
DB04213	129287
DB04214	24514
DB04215	14330
DB04215	50101873
DB04216	7460
DB04218	50023668
DB04218	50060165
DB04223	21958
DB04223	50225106
DB04224	50150484
DB04224	50250904
DB04224	50448437
DB04224	50448438
DB04228	50079183
DB04232	50084744
DB04234	50426168
DB04242	26194
DB04242	50340074
DB04243	50369647
DB04250	8978
DB04253	50004681
DB04254	15385
DB04255	12216
DB04256	50030627
DB04256	50212325
DB04257	50269531
DB04260	50214705
DB04261	50369454
DB04265	50063302
DB04265	50078332
DB04267	26116
DB04269	50086886
DB04269	50118723
DB04269	50139749
DB04269	50288457
DB04270	50109547
DB04271	14779
DB04272	14672
DB04272	92494
DB04273	14061
DB04274	50104887
DB04275	29612
DB04285	13597
DB04286	16234
DB04287	82331
DB04288	11460
DB04289	25796
DB04291	50403035
DB04295	50263771
DB04297	50005711
DB04299	26122
DB04299	50257203
DB04300	50069313
DB04300	50069314
DB04300	50132166
DB04306	18046
DB04307	10798
DB04307	10799
DB04307	10800
DB04308	50403035
DB04310	50035245
DB04310	50089194
DB04311	50113840
DB04315	50300554
DB04315	82232
DB04315	92459
DB04319	50242419
DB04321	50148593
DB04322	119131
DB04322	22590
DB04322	50003896
DB04322	50005518
DB04325	10758
DB04328	100283
DB04328	50280242
DB04328	50281988
DB04333	50129716
DB04335	22104
DB04335	50366815
DB04338	15239
DB04339	50213735
DB04342	50370589
DB04343	19472
DB04348	50375594
DB04350	10854
DB04351	50036212
DB04351	50036222
DB04352	50405137
DB04355	50209659
DB04355	50209666
DB04355	50209668
DB04355	50304030
DB04355	50423218
DB04357	6645
DB04360	26139
DB04365	46858
DB04368	50104500
DB04368	50104501
DB04368	50131308
DB04370	50269414
DB04371	11938
DB04375	50391007
DB04377	50160720
DB04381	50318489
DB04383	18160
DB04387	50028643
DB04387	50367056
DB04387	50367060
DB04394	13073
DB04395	18134
DB04396	50077225
DB04398	50159794
DB04398	50257205
DB04398	50420196
DB04407	8054
DB04409	50103242
DB04410	50113826
DB04416	50098294
DB04419	92991
DB04422	50242405
DB04422	86202
DB04424	12597
DB04429	50051350
DB04432	17278
DB04440	50335291
DB04441	108248
DB04441	50118807
DB04441	68391
DB04444	26978
DB04445	26981
DB04446	14170
DB04452	50444748
DB04454	50357210
DB04454	92985
DB04455	50357226
DB04457	92532
DB04459	50199883
DB04462	11323
DB04465	50370453
DB04468	20608
DB04469	14794
DB04470	14145
DB04470	50115857
DB04471	20586
DB04473	50242419
DB04474	42082
DB04474	50126831
DB04478	50102723
DB04480	50148669
DB04484	50028644
DB04484	50367057
DB04484	50367058
DB04485	1
DB04489	50296412
DB04495	14689
DB04496	50148767
DB04497	50192452
DB04500	50340079
DB04503	50149202
DB04505	15380
DB04509	83098
DB04510	50067783
DB04513	50111446
DB04518	8050
DB04519	23432
DB04522	17664
DB04522	93001
DB04523	50137816
DB04525	13611
DB04531	50179697
DB04531	50213728
DB04537	92688
DB04539	50281349
DB04540	20192
DB04544	50306563
DB04545	50075408
DB04545	50182801
DB04545	50263043
DB04545	50350756
DB04545	50350757
DB04545	50350758
DB04545	50350759
DB04545	50350761
DB04545	50350762
DB04546	50404737
DB04546	82055
DB04547	848
DB04549	12020
DB04550	50042874
DB04551	50420197
DB04552	85507
DB04553	50273975
DB04555	50194153
DB04556	10630
DB04557	22319
DB04557	50290287
DB04564	50366565
DB04566	19254
DB04566	92539
DB04570	50370589
DB04572	50418086
DB04573	25806
DB04573	50410506
DB04574	50366524
DB04577	11555
DB04578	11558
DB04581	7887
DB04583	16099
DB04586	50150783
DB04588	15399
DB04590	13589
DB04590	13590
DB04590	13591
DB04591	50172843
DB04594	50344960
DB04600	10020
DB04601	10017
DB04604	50042349
DB04604	50134742
DB04604	50375654
DB04605	32097
DB04607	6670
DB04608	50192349
DB04609	50055589
DB04612	13174
DB04614	50080157
DB04615	50080157
DB04616	9441
DB04617	9426
DB04619	50236986
DB04620	50070638
DB04622	7949
DB04628	50331851
DB04630	19214
DB04632	50174088
DB04640	36149
DB04641	50379183
DB04650	12
DB04652	50170653
DB04655	50059956
DB04658	36389
DB04658	50002857
DB04658	50002909
DB04662	50366800
DB04665	12342
DB04669	11457
DB04684	50032501
DB04685	50173550
DB04685	50190544
DB04688	50005577
DB04688	50417947
DB04689	50181911
DB04690	50008923
DB04690	50045363
DB04690	50406992
DB04696	18753
DB04697	50245500
DB04698	50182477
DB04704	20175
DB04705	20182
DB04707	14031
DB04712	36375
DB04715	11835
DB04716	26198
DB04719	50156670
DB04723	50201427
DB04725	50038649
DB04726	50362897
DB04733	50380322
DB04739	50290422
DB04743	50056999
DB04745	50366034
DB04746	50394662
DB04751	27216
DB04751	50113746
DB04759	16595
DB04760	16596
DB04761	16592
DB04763	11641
DB04767	50272536
DB04769	50324735
DB04770	10910
DB04776	10909
DB04781	86150
DB04786	50000029
DB04786	50336799
DB04787	50375821
DB04789	50391007
DB04794	50128548
DB04797	15414
DB04798	50126761
DB04800	13529
DB04808	8580
DB04813	36880
DB04815	32188
DB04816	11316
DB04818	29136
DB04819	26979
DB04819	81469
DB04821	50005548
DB04821	50021218
DB04821	50426364
DB04824	50077844
DB04825	50017723
DB04828	50027952
DB04829	21342
DB04829	50241702
DB04829	86427
DB04831	50090674
DB04832	50020706
DB04832	66978
DB04834	26980
DB04835	50334986
DB04836	26979
DB04836	50292474
DB04839	50094569
DB04839	50154009
DB04840	50122613
DB04841	50017702
DB04842	26948
DB04843	50019289
DB04843	50019290
DB04843	50377964
DB04844	50017701
DB04844	50048891
DB04844	50342818
DB04849	50331096
DB04851	14672
DB04851	50109811
DB04851	92494
DB04855	50151864
DB04856	50185261
DB04859	50037157
DB04861	84735
DB04862	50102249
DB04864	10441
DB04864	50199522
DB04864	50342601
DB04867	82304
DB04868	50237710
DB04869	50173468
DB04869	50184069
DB04872	50051290
DB04872	50291261
DB04873	85026
DB04874	26979
DB04875	50189360
DB04876	11695
DB04876	123776
DB04876	126821
DB04876	50129889
DB04878	50024140
DB04878	50263044
DB04879	4851
DB04880	50241379
DB04881	50206310
DB04882	50083600
DB04882	50086558
DB04882	50086560
DB04882	50086564
DB04882	50086568
DB04882	50086570
DB04882	50086572
DB04882	50086576
DB04883	50050794
DB04883	50108202
DB04885	50042712
DB04886	50002662
DB04886	50050430
DB04886	50050431
DB04886	50428437
DB04887	4685
DB04888	50241119
DB04889	50417944
DB04892	10622
DB04892	10676
DB04892	10958
DB04896	50032379
DB04896	50275771
DB04896	86420
DB04905	50085260
DB04910	31048
DB04915	50419932
DB04931	50017181
DB04931	50121900
DB04931	50126395
DB04931	82411
DB04933	50274760
DB04942	50061625
DB04946	50034043
DB04948	50019646
DB04948	85233
DB04951	50005201
DB04953	50143558
DB04954	50138530
DB04954	50224766
DB04960	14434
DB04960	50370385
DB04970	82365
DB04972	26979
DB04983	50270553
DB04983	50341904
DB04996	26979
DB04996	50074329
DB04996	50159793
DB04996	81970
DB05009	50364063
DB05022	50033894
DB05038	50411262
DB05039	50318159
DB05076	50092055
DB05076	50347595
DB05087	50369240
DB05088	26990
DB05095	50131593
DB05102	11243
DB05104	50366356
DB05105	50111469
DB05107	50388517
DB05109	50370993
DB05137	50047021
DB05137	50080818
DB05137	50422013
DB05154	50363237
DB05186	50388398
DB05229	50095202
DB05229	85181
DB05234	18522
DB05234	18523
DB05251	50061306
DB05251	50366785
DB05251	518
DB05251	81679
DB05260	26988
DB05262	50423777
DB05266	50240404
DB05271	50054062
DB05271	50123626
DB05286	50158336
DB05289	50074922
DB05289	50172473
DB05289	50172479
DB05291	50017662
DB05294	21
DB05296	50074329
DB05296	50159793
DB05302	26979
DB05302	50000787
DB05302	60212
DB05302	86493
DB05314	50200182
DB05316	50427212
DB05318	20461
DB05318	86537
DB05327	50067376
DB05327	50067397
DB05327	50067407
DB05339	26979
DB05347	50021776
DB05360	50003019
DB05366	50375424
DB05379	85178
DB05379	85606
DB05381	26979
DB05381	7966
DB05383	26979
DB05383	50207159
DB05383	86154
DB05398	50327308
DB05399	50117525
DB05414	50099587
DB05416	28661
DB05424	4779
DB05428	50074329
DB05428	50159793
DB05436	50420190
DB05448	50426071
DB05458	50056147
DB05458	50056150
DB05461	26979
DB05461	85825
DB05465	13535
DB05479	50029747
DB05479	50454568
DB05482	50418088
DB05488	21690
DB05492	50398244
DB05494	50087289
DB05508	26979
DB05508	50000787
DB05508	60212
DB05508	86493
DB05511	50034171
DB05511	50118812
DB05521	50152754
DB05521	50326056
DB05665	12311
DB05708	26979
DB05708	50061564
DB05708	86543
DB05738	26979
DB05738	50163629
DB05786	50410834
DB05786	50410835
DB05790	26979
DB05790	50070546
DB05790	50070548
DB05792	26979
DB05792	50170641
DB05804	13430
DB05804	50375559
DB05812	25458
DB05824	50096974
DB05837	26979
DB05838	50117485
DB05838	50117486
DB05855	50061561
DB05855	86833
DB05868	50142916
DB05871	50105629
DB05891	26979
DB05891	7966
DB06090	50164924
DB06090	50393247
DB06090	50399819
DB06090	50399826
DB06090	92878
DB06144	50001786
DB06147	50027796
DB06148	31005
DB06148	35256
DB06151	50420190
DB06155	21278
DB06196	50403371
DB06196	50406750
DB06203	16285
DB06204	50386381
DB06207	50160154
DB06212	35723
DB06213	50119132
DB06213	50152084
DB06216	26122
DB06216	50257203
DB06216	50428890
DB06216	50445613
DB06216	84994
DB06218	50300204
DB06228	13001
DB06228	7840
DB06268	50058126
DB06274	50039180
DB06274	50039183
DB06274	86964
DB06287	50343413
DB06288	81790
DB06290	50336504
DB06292	20880
DB06292	50448923
DB06335	11542
DB06335	50225074
DB06402	26979
DB06414	50103642
DB06554	82002
DB06581	50050955
DB06589	26474
DB06594	50035179
DB06605	19023
DB06614	5024
DB06616	4552
DB06623	81199
DB06637	10458
DB06684	50151982
DB06689	50150484
DB06689	50250904
DB06689	50448437
DB06689	50448438
DB06689	7973
DB06691	22567
DB06693	50020288
DB06694	30703
DB06695	50432209
DB06698	96589
DB06699	50102450
DB06699	50102466
DB06700	86748
DB06701	50050098
DB06701	50062912
DB06701	50062915
DB06701	50142839
DB06701	85933
DB06707	50027502
DB06708	50109750
DB06709	48918
DB06710	50410531
DB06711	50001922
DB06715	26981
DB06727	50122615
DB06727	50370708
DB06728	92572
DB06729	50090677
DB06731	50254790
DB06731	50254791
DB06732	50028963
DB06743	50292287
DB06744	50070319
DB06744	50251276
DB06745	50123635
DB06745	50123641
DB06745	50208070
DB06747	50411311
DB06748	50317540
DB06768	50159794
DB06768	50257205
DB06768	50420196
DB06777	21674
DB06777	50420187
DB06777	53721
DB06795	10860
DB06800	50278337
DB06803	11242
DB06804	50442874
DB06809	50035696
DB06813	50044420
DB06817	25351
DB06829	50219597
DB06830	25298
DB06831	50323727
DB06832	50154055
DB06833	22420
DB06834	50396077
DB06837	50104965
DB06841	50287780
DB06842	50010981
DB06847	25822
DB06847	50298836
DB06847	50298837
DB06851	50294172
DB06852	50185219
DB06852	50414084
DB06854	14143
DB06854	14325
DB06855	14148
DB06855	50115865
DB06856	14149
DB06857	14159
DB06859	50149003
DB06860	50350123
DB06869	50066334
DB06873	50030980
DB06875	50168348
DB06877	15614
DB06878	32652
DB06878	50307850
DB06882	31825
DB06883	50115216
DB06887	13433
DB06887	13440
DB06888	50192071
DB06888	50400801
DB06890	25810
DB06891	11625
DB06896	24440
DB06897	24934
DB06902	29609
DB06906	50143060
DB06908	50188029
DB06909	50412414
DB06910	152
DB06914	50183062
DB06916	50205947
DB06916	50205975
DB06917	50294173
DB06919	32653
DB06919	50133531
DB06919	50307858
DB06920	50266770
DB06922	41850
DB06924	50373037
DB06924	50373038
DB06925	14949
DB06926	50367479
DB06926	50389674
DB06927	50152615
DB06929	50307861
DB06930	16751
DB06931	25265
DB06932	19087
DB06933	50224009
DB06937	20733
DB06938	17678
DB06939	17323
DB06940	20649
DB06942	50307869
DB06943	26543
DB06943	26544
DB06944	7108
DB06945	50348671
DB06947	32655
DB06947	50307871
DB06948	5530
DB06949	31930
DB06950	31926
DB06953	50127302
DB06954	25896
DB06956	15393
DB06957	50182712
DB06958	50182714
DB06961	20903
DB06962	50374176
DB06964	20899
DB06967	18039
DB06969	33237
DB06970	50137778
DB06971	50175780
DB06973	29608
DB06974	30545
DB06976	59090
DB06976	6630
DB06976	6631
DB06978	31931
DB06984	84462
DB06985	50019040
DB06986	50194412
DB06987	25753
DB06989	50188776
DB06991	50236473
DB06991	50236483
DB06992	32522
DB06994	50374938
DB06994	50374939
DB06995	50271940
DB06997	50271895
DB06999	25617
DB07001	36402
DB07001	50392587
DB07002	50148167
DB07003	36401
DB07005	32656
DB07005	50085448
DB07005	50307877
DB07006	50245497
DB07007	36403
DB07008	50207101
DB07009	50154062
DB07010	15621
DB07011	50208476
DB07011	50208484
DB07013	23502
DB07014	31559
DB07017	50273457
DB07017	50273458
DB07017	50273857
DB07019	50221537
DB07021	50296489
DB07021	50296490
DB07024	50200804
DB07025	50195206
DB07026	29018
DB07028	16238
DB07029	50207104
DB07030	16239
DB07031	31889
DB07031	31890
DB07032	50152627
DB07036	19990
DB07036	19991
DB07037	14821
DB07039	26260
DB07044	31928
DB07045	32373
DB07048	11031
DB07049	32573
DB07049	32574
DB07050	10886
DB07051	14785
DB07052	50368299
DB07053	50179236
DB07054	7599
DB07056	29841
DB07059	17983
DB07060	31881
DB07060	92691
DB07061	79572
DB07062	30410
DB07063	16469
DB07064	24127
DB07064	24128
DB07066	24363
DB07067	11658
DB07069	50265459
DB07070	50176608
DB07070	50214203
DB07072	50210526
DB07072	50212927
DB07073	50261834
DB07075	50195215
DB07076	50138674
DB07078	14649
DB07079	26554
DB07080	19993
DB07081	50221443
DB07081	50221455
DB07083	29377
DB07086	50128414
DB07086	50161604
DB07089	50220319
DB07090	15674
DB07092	50221970
DB07092	50221981
DB07093	50056538
DB07094	50294164
DB07095	50307867
DB07096	27498
DB07097	31934
DB07098	31927
DB07099	24243
DB07100	50182715
DB07101	104963
DB07102	24256
DB07102	24257
DB07104	24263
DB07107	15022
DB07107	15087
DB07108	50060993
DB07109	50241245
DB07110	15788
DB07112	50264221
DB07113	17980
DB07114	50324680
DB07118	50022178
DB07119	50168323
DB07121	50180995
DB07123	25792
DB07126	5544
DB07128	50172825
DB07129	50117271
DB07129	50135883
DB07129	50135884
DB07130	14245
DB07131	50307868
DB07135	50221979
DB07135	50221980
DB07138	15244
DB07140	25818
DB07140	25826
DB07140	25827
DB07141	50298800
DB07141	50298814
DB07141	50298815
DB07142	50298801
DB07142	50298810
DB07142	50298811
DB07143	50133518
DB07144	25820
DB07144	50298828
DB07144	50298829
DB07145	26526
DB07146	17716
DB07147	23484
DB07149	27370
DB07149	27379
DB07149	27380
DB07152	50255179
DB07153	50329608
DB07154	13519
DB07154	13520
DB07154	13521
DB07154	13522
DB07155	15647
DB07156	28046
DB07159	50249542
DB07160	16497
DB07161	50254831
DB07162	50254911
DB07163	10122
DB07164	50293162
DB07167	17750
DB07173	14486
DB07173	50134739
DB07174	17982
DB07175	26484
DB07176	50308731
DB07178	16296
DB07181	50244011
DB07183	15019
DB07187	16315
DB07188	15677
DB07189	26536
DB07190	32658
DB07190	50307857
DB07191	50103642
DB07192	15651
DB07193	50296488
DB07194	50249540
DB07194	50275935
DB07195	50166035
DB07196	50294171
DB07197	14250
DB07198	50152624
DB07200	50162511
DB07200	50162519
DB07202	17751
DB07203	5531
DB07204	15066
DB07206	15779
DB07207	50182959
DB07210	105234
DB07211	50206984
DB07213	12131
DB07215	28706
DB07216	50177643
DB07217	50411413
DB07218	15868
DB07219	16504
DB07220	50237845
DB07221	25256
DB07222	15669
DB07223	16503
DB07224	16499
DB07225	16500
DB07227	50097071
DB07228	15246
DB07229	14337
DB07230	50166754
DB07231	16502
DB07232	27135
DB07232	27136
DB07232	27149
DB07233	50279255
DB07233	50279256
DB07234	50259376
DB07234	50259377
DB07235	50188913
DB07235	50188941
DB07235	50188945
DB07236	50154137
DB07237	50294162
DB07239	50375237
DB07244	18036
DB07245	15780
DB07247	14864
DB07248	50182010
DB07249	6219
DB07250	25205
DB07251	25202
DB07252	25223
DB07253	25226
DB07254	50293237
DB07255	25229
DB07256	50293238
DB07258	50294166
DB07259	50294165
DB07260	50294163
DB07261	14058
DB07262	18052
DB07263	50142317
DB07264	15644
DB07264	15645
DB07264	15646
DB07265	50245344
DB07266	24721
DB07267	50293516
DB07268	15978
DB07270	50181324
DB07271	13525
DB07272	15940
DB07273	50187225
DB07274	50236856
DB07275	30406
DB07276	15922
DB07277	50206985
DB07278	17643
DB07280	14488
DB07281	15781
DB07283	50247987
DB07284	15782
DB07287	25425
DB07288	50132151
DB07289	50219574
DB07290	8503
DB07291	50242762
DB07292	50293592
DB07294	31889
DB07294	31890
DB07295	13958
DB07297	17714
DB07298	14211
DB07300	32422
DB07302	50389675
DB07303	15783
DB07304	50175458
DB07305	50175432
DB07306	36400
DB07307	50253154
DB07308	50175447
DB07309	17595
DB07310	13752
DB07310	13753
DB07310	13754
DB07311	15247
DB07312	50181323
DB07313	17477
DB07314	14717
DB07315	35622
DB07316	28376
DB07317	50270609
DB07318	36396
DB07319	81729
DB07320	50204706
DB07320	50204721
DB07320	91885
DB07322	17478
DB07323	17572
DB07326	50264389
DB07330	27119
DB07332	50030539
DB07333	11445
DB07334	5875
DB07336	16589
DB07338	50359942
DB07340	50170831
DB07342	50252801
DB07345	50372980
DB07346	50372983
DB07347	50398077
DB07348	114316
DB07348	38870
DB07348	97307
DB07350	50135752
DB07352	7458
DB07355	23445
DB07358	50248442
DB07359	50294464
DB07360	26315
DB07361	26326
DB07363	11929
DB07364	7377
DB07368	50153442
DB07370	50329782
DB07372	50060894
DB07373	91718
DB07373	9954
DB07374	63919
DB07375	50025405
DB07375	50422491
DB07377	17594
DB07388	50148162
DB07389	36399
DB07390	50241372
DB07390	50241373
DB07397	27878
DB07398	50185119
DB07404	25279
DB07405	50124535
DB07406	30264
DB07407	50175430
DB07408	50175439
DB07409	25266
DB07410	25288
DB07412	50375239
DB07415	50258279
DB07419	26261
DB07420	50049236
DB07420	50292876
DB07420	50292877
DB07422	26262
DB07423	18665
DB07424	50049231
DB07425	50115668
DB07426	25289
DB07429	23570
DB07430	50395272
DB07431	50297151
DB07437	50026387
DB07439	50330391
DB07445	31917
DB07447	18161
DB07447	50366473
DB07447	50410540
DB07447	50410541
DB07450	50038843
DB07450	50038859
DB07451	2732
DB07451	2733
DB07453	50014323
DB07454	18699
DB07454	50099679
DB07455	50330416
DB07456	2694
DB07457	2691
DB07458	2694
DB07459	50174097
DB07460	50334594
DB07463	36436
DB07465	11542
DB07465	50225074
DB07467	25901
DB07471	28206
DB07471	28207
DB07472	1368
DB07472	1369
DB07473	1401
DB07474	50206120
DB07475	50069989
DB07476	11053
DB07482	50050521
DB07486	50263548
DB07488	69812
DB07493	54680
DB07494	50267844
DB07494	50419739
DB07495	15372
DB07496	25725
DB07498	16233
DB07501	7627
DB07502	20731
DB07503	50403077
DB07504	7627
DB07506	50121929
DB07506	50373036
DB07507	50350126
DB07508	50112082
DB07511	50350124
DB07512	19189
DB07513	19188
DB07514	50260887
DB07519	50226448
DB07519	50226450
DB07519	50226454
DB07522	12585
DB07527	12586
DB07528	50260917
DB07531	17152
DB07533	17144
DB07534	17141
DB07534	53299
DB07535	50226445
DB07537	50243182
DB07538	17149
DB07539	17143
DB07540	17151
DB07543	50027663
DB07544	50353005
DB07545	50200392
DB07548	50123491
DB07549	50123503
DB07550	50126302
DB07553	50121062
DB07556	13139
DB07556	50066658
DB07556	8465
DB07557	50375561
DB07558	50069792
DB07558	50291177
DB07560	39241
DB07562	8066
DB07567	50162803
DB07568	25816
DB07570	50162108
DB07572	39234
DB07573	15789
DB07575	50041044
DB07577	18788
DB07583	15216
DB07583	15218
DB07584	24841
DB07585	24845
DB07588	50378456
DB07592	50148298
DB07593	50148292
DB07594	15362
DB07596	50372895
DB07597	50023139
DB07597	50405612
DB07598	50330411
DB07599	50202234
DB07601	20739
DB07606	6021
DB07607	92007
DB07609	12347
DB07612	7001
DB07613	21626
DB07614	21625
DB07615	21613
DB07616	21624
DB07617	12346
DB07618	5634
DB07619	28361
DB07619	50248020
DB07620	11292
DB07621	12345
DB07622	6051
DB07624	50247925
DB07624	50248566
DB07624	50248569
DB07625	50231529
DB07626	50231528
DB07629	50214983
DB07629	50214986
DB07629	50214995
DB07630	50214983
DB07630	50214986
DB07630	50214995
DB07632	10875
DB07635	25807
DB07637	50326563
DB07638	19982
DB07642	50232538
DB07643	36530
DB07644	50232535
DB07644	50232565
DB07647	14804
DB07648	14805
DB07649	36497
DB07651	13472
DB07653	14802
DB07654	14801
DB07655	14803
DB07658	50288414
DB07658	50288620
DB07662	4567
DB07663	50373131
DB07664	6878
DB07665	50377622
DB07666	15498
DB07670	50105824
DB07675	50109551
DB07675	50126701
DB07677	50277614
DB07678	50369007
DB07680	50208228
DB07685	11447
DB07686	11449
DB07687	11452
DB07688	11448
DB07689	50398395
DB07690	50375599
DB07690	50423621
DB07691	28663
DB07700	17285
DB07700	50384947
DB07701	50037176
DB07701	50037187
DB07701	50422179
DB07701	8960
DB07702	25806
DB07702	50410506
DB07704	50271082
DB07705	31773
DB07706	50262140
DB07711	22926
DB07711	28393
DB07711	50034908
DB07711	50404651
DB07711	50404652
DB07713	12072
DB07713	12073
DB07715	11318
DB07718	50269993
DB07719	13433
DB07719	13440
DB07720	50049757
DB07720	50063218
DB07720	50143279
DB07720	50143314
DB07720	50143320
DB07720	50177172
DB07720	50261766
DB07728	30192
DB07730	13806
DB07731	12028
DB07731	50352019
DB07739	50151343
DB07739	50163110
DB07742	12016
DB07743	11304
DB07746	17611
DB07747	13025
DB07750	7615
DB07751	7598
DB07755	7615
DB07756	10504
DB07757	50185849
DB07757	50185850
DB07757	50185851
DB07758	50175451
DB07759	50175443
DB07760	36452
DB07761	7598
DB07762	5267
DB07765	50398394
DB07767	50214744
DB07768	50025452
DB07768	50410492
DB07768	8885
DB07769	18663
DB07769	18664
DB07772	12072
DB07772	12073
DB07776	50028962
DB07779	11559
DB07780	50366477
DB07783	22929
DB07785	22950
DB07786	50170633
DB07787	27714
DB07789	50314075
DB07790	50263028
DB07792	24377
DB07794	50229978
DB07795	7457
DB07796	50251417
DB07798	13028
DB07798	50163108
DB07800	50377653
DB07801	50251960
DB07803	50329857
DB07804	17655
DB07807	50194702
DB07808	36439
DB07810	23446
DB07811	50265033
DB07812	50278532
DB07818	23274
DB07819	23295
DB07820	50032238
DB07823	36440
DB07827	50265079
DB07829	19429
DB07830	15510
DB07830	15512
DB07832	25191
DB07833	25980
DB07834	25981
DB07835	50263093
DB07837	50296004
DB07838	54437
DB07839	19614
DB07841	50100978
DB07841	50100979
DB07842	50171895
DB07843	12546
DB07844	12547
DB07846	11686
DB07846	50292573
DB07847	12538
DB07847	12570
DB07847	12571
DB07847	12572
DB07848	12550
DB07851	50209953
DB07854	16224
DB07855	16228
DB07856	16232
DB07857	16218
DB07857	16220
DB07857	16221
DB07858	16218
DB07858	16220
DB07858	16221
DB07859	16219
DB07860	16311
DB07862	18043
DB07863	55936
DB07866	22459
DB07867	12078
DB07868	12080
DB07869	12081
DB07871	12079
DB07872	50295585
DB07872	50295586
DB07873	25285
DB07874	50226442
DB07874	50392843
DB07875	50295587
DB07876	14028
DB07877	50180306
DB07880	67445
DB07884	2955
DB07885	2737
DB07886	13775
DB07888	50186426
DB07888	50186434
DB07888	50186436
DB07889	7646
DB07892	50004152
DB07901	50433375
DB07902	17847
DB07903	17849
DB07906	50077537
DB07906	50077539
DB07906	50077541
DB07917	50300128
DB07919	100152
DB07926	50104969
DB07927	50324682
DB07928	50351508
DB07933	19968
DB07933	19969
DB07934	50126689
DB07935	27576
DB07936	50245865
DB07936	50245866
DB07937	50263188
DB07939	50406972
DB07941	50314073
DB07943	50315123
DB07944	50070629
DB07945	50248245
DB07946	50223072
DB07947	16222
DB07950	50201883
DB07950	92694
DB07954	15336
DB07959	16590
DB07960	50314988
DB07964	23498
DB07964	50171543
DB07965	19746
DB07967	50156086
DB07968	50174389
DB07969	50265838
DB07970	50297825
DB07971	92569
DB07972	92570
DB07973	12398
DB07974	12400
DB07975	15343
DB07976	16114
DB07977	15341
DB07980	50212288
DB07981	22572
DB07981	22573
DB07982	50263070
DB07983	50308511
DB07984	22572
DB07984	22573
DB07985	50062035
DB07988	50076341
DB07988	50084630
DB07991	50204797
DB07991	50204813
DB07991	50204815
DB07992	50420185
DB07993	15785
DB07994	15787
DB07995	15211
DB07996	50216682
DB07996	50366348
DB07997	15210
DB07999	16242
DB08000	16240
DB08001	13997
DB08003	13465
DB08003	13807
DB08003	13812
DB08005	50211424
DB08006	24413
DB08008	28817
DB08009	4815
DB08012	50087765
DB08018	29234
DB08018	50330895
DB08019	29235
DB08019	50255307
DB08019	50279360
DB08020	19987
DB08021	32460
DB08022	50169959
DB08023	50271563
DB08025	50178839
DB08025	50178847
DB08026	50271524
DB08029	50332952
DB08030	50096645
DB08031	50199050
DB08032	24152
DB08033	24170
DB08034	33953
DB08036	2581
DB08037	50252149
DB08037	50252150
DB08039	50307127
DB08040	50020158
DB08040	50105264
DB08040	50405292
DB08040	92500
DB08044	12656
DB08046	25900
DB08047	50157493
DB08048	50157486
DB08051	50206820
DB08051	50256266
DB08052	50313645
DB08053	36408
DB08055	50246553
DB08056	50198370
DB08058	27533
DB08059	15234
DB08061	50059237
DB08063	20156
DB08064	13345
DB08065	24637
DB08066	27078
DB08067	27087
DB08070	16213
DB08072	50231519
DB08073	15131
DB08074	32651
DB08075	32646
DB08076	32647
DB08078	50085041
DB08079	24470
DB08081	50351511
DB08083	50248167
DB08084	16313
DB08085	18825
DB08088	29320
DB08088	29321
DB08088	29322
DB08088	29323
DB08089	18524
DB08091	13351
DB08092	13350
DB08093	13340
DB08094	12621
DB08095	50411056
DB08098	16235
DB08099	18038
DB08100	50012798
DB08102	91398
DB08105	26444
DB08105	26460
DB08106	26444
DB08106	26460
DB08107	26445
DB08108	26453
DB08111	24467
DB08112	26455
DB08118	50248535
DB08121	28759
DB08121	28760
DB08123	7769
DB08128	50024810
DB08128	50100954
DB08129	50176888
DB08132	24628
DB08133	24635
DB08134	24631
DB08135	24636
DB08136	24639
DB08137	24643
DB08138	24644
DB08139	24632
DB08140	24633
DB08141	24650
DB08142	24654
DB08143	50295595
DB08144	3436
DB08147	50341992
DB08148	50376063
DB08149	50376067
DB08150	50237622
DB08151	34108
DB08153	68263
DB08156	29277
DB08161	50109583
DB08162	14027
DB08164	15518
DB08165	50155556
DB08167	50241461
DB08167	50434369
DB08168	71742
DB08170	50137276
DB08173	50216562
DB08174	50216554
DB08174	50216567
DB08177	50304611
DB08177	8435
DB08178	50371402
DB08180	50113289
DB08182	50371400
DB08183	50193995
DB08183	50273894
DB08183	50273930
DB08183	50273931
DB08187	50056771
DB08187	50289529
DB08187	50366827
DB08188	2337
DB08190	29611
DB08191	50296003
DB08198	50260279
DB08198	50260280
DB08204	50077849
DB08209	50206443
DB08210	34071
DB08213	10320
DB08214	105193
DB08220	30326
DB08221	50207861
DB08223	81673
DB08228	29223
DB08230	26656
DB08231	50147581
DB08232	13781
DB08233	5541
DB08234	26519
DB08239	24054
DB08241	5551
DB08242	50331619
DB08244	24060
DB08246	24052
DB08248	5550
DB08250	24074
DB08251	10658
DB08255	50323696
DB08256	50143914
DB08257	50192936
DB08258	50192966
DB08262	50103226
DB08263	26107
DB08271	13080
DB08272	50118891
DB08274	50053914
DB08276	26978
DB08277	50197414
DB08278	50181559
DB08279	35554
DB08279	50139678
DB08280	13761
DB08283	18358
DB08283	50156357
DB08283	50335393
DB08284	50168052
DB08285	27217
DB08285	27220
DB08292	68260
DB08292	68261
DB08293	68260
DB08293	68261
DB08298	50009860
DB08298	50339185
DB08298	54693
DB08298	54704
DB08299	50085135
DB08300	123756
DB08301	50349858
DB08310	50255030
DB08312	5566
DB08313	97233
DB08314	32639
DB08315	32641
DB08316	32643
DB08317	32644
DB08318	32650
DB08321	50289174
DB08321	50358321
DB08321	50358322
DB08322	50430005
DB08324	50351512
DB08325	50113707
DB08329	26999
DB08333	50373155
DB08335	50373159
DB08338	50374663
DB08339	3085
DB08340	50214472
DB08341	50246327
DB08345	50214475
DB08346	68248
DB08348	27497
DB08349	50296645
DB08350	81734
DB08351	50252739
DB08352	50235899
DB08353	50214460
DB08354	50214465
DB08355	50318080
DB08356	15365
DB08358	30185
DB08360	50214452
DB08361	50396073
DB08361	50419255
DB08362	50214473
DB08369	50335350
DB08376	50271805
DB08381	50159266
DB08382	50249137
DB08382	50249479
DB08383	31589
DB08384	31590
DB08386	31591
DB08387	31592
DB08388	50224854
DB08389	14760
DB08391	14768
DB08392	14799
DB08393	14800
DB08395	50165882
DB08397	50103227
DB08399	50045936
DB08402	50121409
DB08403	50031795
DB08403	50062298
DB08403	50245248
DB08406	18506
DB08414	50064007
DB08414	50064008
DB08414	50064009
DB08416	13426
DB08416	50200936
DB08422	50064655
DB08424	15753
DB08424	15754
DB08426	14057
DB08429	50296131
DB08435	50270612
DB08436	15377
DB08441	50400802
DB08444	27618
DB08445	50221073
DB08446	27614
DB08449	50343933
DB08450	50293520
DB08454	50162083
DB08458	50128062
DB08462	50324687
DB08466	50085531
DB08468	4078
DB08471	50343344
DB08472	30130
DB08472	50136166
DB08472	81875
DB08473	11324
DB08477	13001
DB08477	7840
DB08478	50195102
DB08482	50146631
DB08484	50272611
DB08487	12592
DB08488	12596
DB08489	50086884
DB08490	11863
DB08493	50284756
DB08495	12594
DB08497	10264
DB08502	27579
DB08504	11144
DB08504	50221972
DB08505	50375546
DB08506	50087097
DB08507	50291979
DB08507	50369426
DB08517	50049387
DB08517	50312648
DB08519	26479
DB08520	50283388
DB08520	50403328
DB08521	13336
DB08522	15237
DB08524	21684
DB08525	21685
DB08527	7167
DB08528	1802
DB08529	25277
DB08530	50228401
DB08535	50223586
DB08544	30130
DB08544	50136166
DB08544	81875
DB08549	13444
DB08550	13014
DB08553	50006650
DB08555	50415612
DB08560	50185943
DB08561	50234334
DB08564	4583
DB08567	50028094
DB08567	79021
DB08567	82216
DB08567	82217
DB08567	82218
DB08567	86421
DB08568	15138
DB08568	15147
DB08569	16547
DB08572	5594
DB08573	50167950
DB08577	4882
DB08584	50355498
DB08587	50341142
DB08588	16272
DB08591	50166435
DB08593	50166434
DB08595	50161596
DB08596	50292717
DB08597	50262685
DB08598	1868
DB08598	50010215
DB08598	50279762
DB08600	50050814
DB08600	50369418
DB08603	50354886
DB08604	8726
DB08606	22113
DB08606	50170089
DB08612	50371970
DB08614	50037342
DB08620	50251868
DB08621	58925
DB08624	50420340
DB08626	21641
DB08626	50024096
DB08626	50024102
DB08631	50061310
DB08632	50080275
DB08633	17446
DB08633	36588
DB08634	50050533
DB08645	26998
DB08648	50173884
DB08650	50173884
DB08653	50024210
DB08653	92693
DB08654	50023139
DB08654	50405612
DB08656	31524
DB08657	50371154
DB08659	25904
DB08660	50041419
DB08661	50292716
DB08663	1930
DB08664	1924
DB08665	1642
DB08669	17866
DB08670	17864
DB08672	15464
DB08674	14009
DB08674	14010
DB08679	50105629
DB08683	17140
DB08683	6763
DB08686	782
DB08687	50193145
DB08694	50398327
DB08697	50231526
DB08698	50256537
DB08700	50306682
DB08700	50352564
DB08701	35553
DB08705	26673
DB08707	26669
DB08708	26668
DB08709	26670
DB08730	13353
DB08734	18793
DB08735	50408930
DB08735	50408931
DB08735	50408940
DB08735	50408941
DB08736	50408930
DB08736	50408931
DB08736	50408940
DB08736	50408941
DB08737	19977
DB08738	50274985
DB08739	50274983
DB08741	18070
DB08741	50336513
DB08741	50336514
DB08743	11645
DB08744	29210
DB08748	50340081
DB08749	17783
DB08750	36397
DB08752	50401770
DB08756	14029
DB08756	50319631
DB08756	86729
DB08757	50175425
DB08758	50225275
DB08760	50171897
DB08760	50171907
DB08764	21
DB08765	10874
DB08766	50018850
DB08770	21190
DB08772	16452
DB08773	20628
DB08774	33215
DB08774	33216
DB08774	33217
DB08776	33206
DB08777	33207
DB08778	33208
DB08780	33210
DB08781	33213
DB08782	10861
DB08786	33223
DB08787	33224
DB08788	33225
DB08789	33233
DB08790	21615
DB08791	50295745
DB08792	70295
DB08797	50056900
DB08799	76862
DB08800	50015561
DB08801	50297307
DB08801	81452
DB08805	50000382
DB08805	81468
DB08806	50404032
DB08808	25765
DB08815	85222
DB08816	50397205
DB08824	50041627
DB08824	50048558
DB08827	50098320
DB08828	50249522
DB08834	50236230
DB08834	50375595
DB08836	26979
DB08837	50149890
DB08838	85213
DB08844	50325824
DB08846	4078
DB08847	50357209
DB08847	50357230
DB08847	50357233
DB08848	90787
DB08860	50371229
DB08860	86707
DB08865	50306682
DB08865	50352564
DB08868	50158336
DB08873	12311
DB08877	50355501
DB08878	50367055
DB08881	50396483
DB08882	50228403
DB08889	50277889
DB08896	50363397
DB08897	50296331
DB08899	50425732
DB08901	50322535
DB08903	50416573
DB08903	50416574
DB08906	50354851
DB08907	50386885
DB08912	50428286
DB08913	26979
DB08915	50277782
DB08915	50277897
DB08915	50278026
DB08916	50322823
DB08918	50032379
DB08918	50275771
DB08918	86420
DB08926	50099670
DB08927	50311786
DB08932	50395626
DB08936	50329371
DB08941	50326178
DB08943	31771
DB08944	14672
DB08944	92494
DB08950	50033113
DB08951	50233673
DB08953	50029150
DB08954	50007674
DB08954	50007677
DB08954	50080017
DB08954	50083351
DB08955	50012894
DB08960	50038416
DB08978	26980
DB08980	61401
DB08981	50240374
DB08985	97154
DB08986	26979
DB08990	26979
DB08997	50018550
DB08997	50018556
DB09000	86057
DB09008	50350473
DB09010	50431275
DB09017	50011875
DB09020	61400
DB09023	50144504
DB09028	50107863
DB09028	50143282
DB09028	86311
