drugbank_id	lincs_id
DB00091	LSM-1507
DB00091	LSM-1703
DB00091	LSM-2280
DB00121	LSM-3994
DB00121	LSM-5727
DB00121	LSM-6430
DB00130	LSM-4741
DB00131	LSM-5914
DB00131	LSM-6386
DB00132	LSM-2730
DB00136	LSM-4573
DB00136	LSM-5171
DB00140	LSM-4084
DB00140	LSM-6648
DB00146	LSM-5841
DB00152	LSM-5996
DB00153	LSM-6508
DB00154	LSM-2453
DB00158	LSM-5355
DB00159	LSM-3041
DB00162	LSM-5317
DB00163	LSM-4487
DB00165	LSM-5324
DB00170	LSM-3755
DB00175	LSM-1760
DB00175	LSM-3347
DB00175	LSM-4966
DB00175	LSM-5402
DB00176	LSM-3625
DB00177	LSM-2993
DB00177	LSM-4977
DB00178	LSM-1717
DB00178	LSM-5228
DB00178	LSM-5950
DB00179	LSM-6507
DB00180	LSM-1711
DB00180	LSM-3089
DB00180	LSM-5356
DB00181	LSM-5169
DB00184	LSM-2093
DB00186	LSM-4970
DB00187	LSM-4957
DB00188	LSM-4264
DB00188	LSM-6281
DB00190	LSM-5128
DB00190	LSM-5850
DB00191	LSM-4174
DB00193	LSM-3125
DB00193	LSM-5221
DB00194	LSM-28568
DB00194	LSM-4491
DB00194	LSM-5800
DB00194	LSM-6461
DB00195	LSM-1255
DB00196	LSM-2106
DB00197	LSM-4890
DB00199	LSM-3416
DB00199	LSM-6532
DB00201	LSM-2026
DB00203	LSM-3797
DB00204	LSM-5925
DB00205	LSM-3967
DB00206	LSM-1758
DB00206	LSM-2816
DB00206	LSM-4162
DB00206	LSM-5557
DB00207	LSM-5821
DB00208	LSM-1986
DB00211	LSM-1815
DB00213	LSM-1390
DB00214	LSM-2662
DB00215	LSM-1585
DB00215	LSM-3569
DB00218	LSM-5746
DB00219	LSM-4974
DB00220	LSM-5702
DB00220	LSM-5819
DB00221	LSM-4374
DB00222	LSM-2760
DB00223	LSM-1241
DB00223	LSM-3369
DB00223	LSM-5872
DB00224	LSM-5471
DB00227	LSM-2189
DB00227	LSM-5348
DB00227	LSM-6486
DB00229	LSM-2022
DB00229	LSM-5376
DB00233	LSM-5862
DB00234	LSM-1561
DB00234	LSM-5462
DB00235	LSM-3493
DB00238	LSM-5336
DB00239	LSM-5389
DB00241	LSM-5793
DB00242	LSM-21600
DB00242	LSM-5976
DB00243	LSM-1952
DB00244	LSM-5427
DB00245	LSM-5012
DB00245	LSM-5764
DB00246	LSM-5433
DB00247	LSM-1964
DB00247	LSM-2786
DB00248	LSM-1692
DB00248	LSM-3939
DB00249	LSM-5836
DB00249	LSM-6409
DB00250	LSM-5714
DB00251	LSM-3923
DB00251	LSM-6538
DB00252	LSM-5663
DB00253	LSM-1378
DB00253	LSM-3259
DB00253	LSM-5315
DB00255	LSM-3001
DB00257	LSM-5341
DB00259	LSM-6524
DB00260	LSM-5639
DB00260	LSM-5932
DB00261	LSM-3380
DB00263	LSM-3120
DB00264	LSM-1259
DB00265	LSM-3274
DB00266	LSM-5884
DB00268	LSM-2351
DB00269	LSM-5411
DB00270	LSM-1897
DB00272	LSM-5366
DB00273	LSM-5435
DB00274	LSM-5594
DB00275	LSM-5893
DB00277	LSM-6010
DB00278	LSM-5061
DB00279	LSM-1780
DB00279	LSM-3991
DB00280	LSM-1439
DB00281	LSM-3165
DB00283	LSM-2655
DB00284	LSM-4345
DB00284	LSM-4631
DB00285	LSM-1616
DB00286	LSM-1389
DB00286	LSM-3126
DB00286	LSM-5780
DB00288	LSM-1487
DB00288	LSM-4981
DB00288	LSM-5564
DB00289	LSM-2452
DB00291	LSM-2645
DB00292	LSM-1640
DB00292	LSM-6599
DB00293	LSM-5952
DB00296	LSM-5619
DB00297	LSM-4301
DB00299	LSM-5587
DB00300	LSM-5340
DB00301	LSM-1327
DB00301	LSM-5094
DB00302	LSM-5332
DB00305	LSM-1590
DB00305	LSM-5621
DB00305	LSM-6310
DB00309	LSM-5693
DB00310	LSM-1417
DB00311	LSM-18787
DB00312	LSM-1566
DB00313	LSM-4620
DB00313	LSM-6363
DB00315	LSM-3208
DB00316	LSM-5533
DB00317	LSM-1098
DB00319	LSM-5516
DB00319	LSM-5924
DB00320	LSM-1639
DB00320	LSM-3619
DB00321	LSM-3190
DB00322	LSM-5157
DB00322	LSM-5588
DB00323	LSM-5282
DB00324	LSM-1325
DB00324	LSM-25624
DB00324	LSM-5306
DB00328	LSM-3275
DB00330	LSM-5137
DB00330	LSM-5649
DB00331	LSM-4730
DB00332	LSM-1268
DB00332	LSM-1281
DB00332	LSM-1497
DB00335	LSM-4355
DB00335	LSM-5562
DB00335	LSM-5757
DB00336	LSM-3779
DB00338	LSM-1651
DB00339	LSM-5425
DB00340	LSM-1467
DB00341	LSM-1544
DB00341	LSM-5412
DB00342	LSM-1273
DB00343	LSM-1744
DB00343	LSM-2523
DB00343	LSM-3819
DB00344	LSM-2936
DB00345	LSM-5739
DB00346	LSM-1291
DB00347	LSM-5345
DB00352	LSM-6723
DB00353	LSM-1695
DB00353	LSM-2758
DB00355	LSM-5301
DB00356	LSM-6011
DB00357	LSM-1409
DB00358	LSM-5180
DB00358	LSM-5525
DB00359	LSM-5457
DB00360	LSM-5120
DB00361	LSM-4297
DB00361	LSM-5284
DB00361	LSM-6007
DB00361	LSM-6302
DB00366	LSM-1563
DB00367	LSM-1612
DB00367	LSM-2768
DB00367	LSM-5824
DB00367	LSM-5955
DB00368	LSM-5181
DB00370	LSM-1706
DB00370	LSM-5894
DB00372	LSM-3556
DB00373	LSM-15524
DB00373	LSM-2176
DB00373	LSM-4397
DB00375	LSM-5530
DB00376	LSM-5060
DB00377	LSM-5266
DB00378	LSM-3538
DB00378	LSM-5289
DB00379	LSM-1700
DB00380	LSM-5248
DB00381	LSM-1388
DB00382	LSM-5871
DB00384	LSM-4060
DB00387	LSM-4396
DB00388	LSM-15380
DB00389	LSM-5930
DB00390	LSM-1930
DB00390	LSM-2511
DB00390	LSM-5141
DB00390	LSM-5523
DB00391	LSM-5080
DB00391	LSM-5624
DB00392	LSM-1342
DB00393	LSM-1659
DB00394	LSM-4209
DB00394	LSM-5838
DB00395	LSM-5197
DB00396	LSM-1728
DB00396	LSM-3452
DB00396	LSM-5580
DB00397	LSM-5416
DB00398	LSM-1008
DB00400	LSM-5259
DB00401	LSM-5172
DB00402	LSM-4408
DB00404	LSM-5460
DB00405	LSM-1736
DB00405	LSM-5386
DB00408	LSM-2881
DB00409	LSM-3202
DB00410	LSM-5334
DB00411	LSM-5827
DB00412	LSM-1949
DB00413	LSM-5243
DB00414	LSM-5638
DB00415	LSM-4982
DB00415	LSM-5761
DB00417	LSM-5173
DB00417	LSM-6045
DB00417	LSM-6700
DB00420	LSM-2137
DB00421	LSM-4018
DB00421	LSM-5755
DB00421	LSM-6489
DB00423	LSM-1453
DB00424	LSM-15608
DB00424	LSM-1806
DB00424	LSM-2897
DB00424	LSM-4380
DB00424	LSM-5514
DB00425	LSM-5560
DB00426	LSM-2990
DB00427	LSM-2240
DB00432	LSM-5217
DB00432	LSM-6478
DB00433	LSM-2436
DB00434	LSM-5419
DB00436	LSM-1816
DB00437	LSM-5919
DB00438	LSM-5695
DB00438	LSM-6493
DB00439	LSM-5869
DB00440	LSM-5246
DB00441	LSM-4273
DB00441	LSM-5333
DB00442	LSM-5258
DB00443	LSM-1248
DB00443	LSM-1303
DB00443	LSM-2864
DB00443	LSM-4412
DB00443	LSM-4466
DB00443	LSM-5202
DB00443	LSM-5512
DB00444	LSM-1483
DB00445	LSM-1622
DB00445	LSM-1799
DB00445	LSM-2078
DB00445	LSM-4062
DB00446	LSM-20955
DB00446	LSM-5069
DB00446	LSM-5256
DB00447	LSM-5429
DB00448	LSM-5064
DB00449	LSM-1583
DB00450	LSM-4193
DB00451	LSM-5447
DB00452	LSM-5787
DB00455	LSM-5891
DB00456	LSM-15184
DB00456	LSM-5929
DB00457	LSM-3079
DB00458	LSM-2852
DB00459	LSM-5713
DB00461	LSM-3453
DB00462	LSM-4308
DB00465	LSM-1526
DB00466	LSM-1504
DB00466	LSM-24959
DB00466	LSM-4980
DB00466	LSM-6051
DB00467	LSM-5848
DB00468	LSM-3325
DB00468	LSM-5109
DB00468	LSM-6020
DB00468	LSM-6452
DB00471	LSM-5022
DB00471	LSM-5768
DB00472	LSM-1449
DB00473	LSM-1954
DB00476	LSM-3591
DB00477	LSM-4017
DB00479	LSM-5935
DB00480	LSM-5237
DB00480	LSM-6187
DB00481	LSM-3425
DB00482	LSM-2032
DB00483	LSM-5540
DB00484	LSM-3526
DB00485	LSM-5234
DB00487	LSM-5653
DB00488	LSM-3492
DB00489	LSM-1465
DB00490	LSM-4105
DB00491	LSM-5559
DB00492	LSM-4444
DB00492	LSM-6485
DB00493	LSM-5124
DB00493	LSM-5834
DB00494	LSM-5898
DB00495	LSM-5806
DB00496	LSM-5995
DB00498	LSM-5784
DB00499	LSM-2621
DB00500	LSM-3852
DB00501	LSM-2404
DB00502	LSM-3512
DB00503	LSM-4954
DB00503	LSM-5623
DB00505	LSM-4996
DB00507	LSM-6002
DB00508	LSM-3421
DB00509	LSM-5447
DB00512	LSM-4992
DB00512	LSM-6699
DB00513	LSM-5733
DB00514	LSM-1535
DB00514	LSM-2525
DB00514	LSM-2726
DB00518	LSM-3782
DB00519	LSM-4402
DB00521	LSM-1541
DB00523	LSM-2135
DB00524	LSM-1680
DB00525	LSM-5554
DB00527	LSM-6018
DB00530	LSM-1097
DB00531	LSM-4961
DB00532	LSM-1852
DB00533	LSM-2482
DB00535	LSM-5216
DB00537	LSM-5226
DB00539	LSM-3135
DB00540	LSM-4039
DB00541	LSM-15607
DB00541	LSM-1672
DB00541	LSM-5877
DB00542	LSM-1336
DB00542	LSM-5609
DB00543	LSM-2021
DB00544	LSM-4261
DB00545	LSM-5770
DB00547	LSM-1602
DB00547	LSM-5448
DB00549	LSM-5792
DB00550	LSM-5592
DB00553	LSM-3410
DB00555	LSM-4104
DB00557	LSM-15602
DB00557	LSM-5103
DB00559	LSM-5825
DB00561	LSM-5058
DB00562	LSM-2474
DB00563	LSM-4285
DB00563	LSM-5690
DB00564	LSM-3610
DB00565	LSM-5147
DB00566	LSM-4749
DB00567	LSM-5957
DB00568	LSM-2142
DB00570	LSM-1647
DB00570	LSM-6068
DB00571	LSM-4329
DB00571	LSM-5318
DB00571	LSM-5972
DB00572	LSM-15608
DB00572	LSM-1806
DB00572	LSM-2897
DB00572	LSM-4380
DB00572	LSM-5514
DB00573	LSM-6498
DB00574	LSM-5685
DB00575	LSM-4223
DB00576	LSM-5455
DB00577	LSM-5571
DB00580	LSM-5305
DB00582	LSM-5244
DB00582	LSM-5570
DB00584	LSM-3282
DB00584	LSM-5558
DB00585	LSM-3031
DB00586	LSM-2160
DB00587	LSM-3630
DB00588	LSM-3384
DB00588	LSM-5291
DB00588	LSM-5328
DB00589	LSM-3984
DB00590	LSM-4335
DB00590	LSM-6569
DB00591	LSM-1804
DB00591	LSM-5482
DB00591	LSM-5988
DB00593	LSM-5195
DB00594	LSM-4194
DB00598	LSM-1282
DB00598	LSM-5220
DB00600	LSM-5642
DB00601	LSM-5750
DB00602	LSM-1593
DB00602	LSM-5397
DB00603	LSM-21624
DB00603	LSM-5882
DB00604	LSM-2133
DB00604	LSM-3312
DB00604	LSM-6397
DB00605	LSM-4338
DB00606	LSM-4421
DB00607	LSM-2402
DB00607	LSM-5446
DB00608	LSM-1901
DB00609	LSM-5620
DB00610	LSM-6000
DB00612	LSM-1886
DB00613	LSM-4042
DB00614	LSM-6543
DB00615	LSM-5442
DB00619	LSM-1023
DB00620	LSM-1503
DB00620	LSM-3736
DB00620	LSM-5391
DB00621	LSM-5544
DB00622	LSM-1418
DB00623	LSM-3226
DB00624	LSM-1628
DB00624	LSM-1643
DB00624	LSM-2564
DB00624	LSM-5153
DB00625	LSM-5526
DB00627	LSM-4676
DB00629	LSM-3266
DB00630	LSM-5831
DB00631	LSM-1837
DB00633	LSM-1722
DB00634	LSM-5374
DB00635	LSM-1690
DB00635	LSM-24953
DB00635	LSM-5890
DB00636	LSM-2996
DB00637	LSM-5502
DB00639	LSM-1344
DB00640	LSM-28568
DB00640	LSM-4491
DB00640	LSM-5800
DB00640	LSM-6461
DB00641	LSM-1830
DB00641	LSM-2492
DB00641	LSM-5417
DB00641	LSM-6463
DB00642	LSM-4291
DB00642	LSM-6253
DB00642	LSM-6353
DB00643	LSM-3749
DB00645	LSM-5801
DB00646	LSM-5086
DB00647	LSM-5079
DB00648	LSM-1451
DB00649	LSM-5983
DB00650	LSM-5146
DB00651	LSM-4299
DB00654	LSM-5285
DB00655	LSM-1506
DB00655	LSM-3837
DB00655	LSM-5772
DB00655	LSM-6399
DB00656	LSM-3580
DB00657	LSM-4990
DB00660	LSM-1929
DB00661	LSM-1298
DB00662	LSM-2750
DB00663	LSM-21591
DB00665	LSM-2513
DB00668	LSM-4958
DB00669	LSM-5618
DB00670	LSM-4001
DB00671	LSM-3590
DB00671	LSM-5644
DB00672	LSM-6695
DB00673	LSM-5350
DB00673	LSM-5637
DB00674	LSM-1597
DB00674	LSM-5604
DB00675	LSM-2966
DB00678	LSM-3701
DB00679	LSM-1863
DB00680	LSM-2476
DB00681	LSM-5443
DB00681	LSM-6439
DB00682	LSM-1405
DB00682	LSM-5404
DB00683	LSM-5200
DB00684	LSM-6467
DB00684	LSM-6534
DB00688	LSM-4071
DB00691	LSM-2751
DB00692	LSM-4022
DB00694	LSM-1731
DB00694	LSM-2962
DB00694	LSM-4891
DB00694	LSM-5967
DB00695	LSM-5847
DB00697	LSM-5242
DB00698	LSM-6522
DB00699	LSM-3720
DB00699	LSM-5852
DB00699	LSM-6518
DB00700	LSM-1524
DB00703	LSM-5311
DB00704	LSM-1721
DB00704	LSM-1850
DB00704	LSM-3962
DB00709	LSM-5215
DB00710	LSM-4279
DB00710	LSM-5264
DB00711	LSM-3009
DB00712	LSM-5174
DB00713	LSM-4952
DB00713	LSM-6005
DB00714	LSM-25611
DB00714	LSM-4413
DB00715	LSM-2843
DB00715	LSM-5101
DB00717	LSM-1520
DB00717	LSM-4061
DB00717	LSM-5395
DB00720	LSM-5802
DB00721	LSM-5396
DB00722	LSM-5756
DB00723	LSM-4423
DB00724	LSM-5408
DB00725	LSM-4438
DB00726	LSM-1371
DB00729	LSM-4102
DB00730	LSM-3741
DB00731	LSM-3892
DB00731	LSM-5555
DB00732	LSM-5147
DB00733	LSM-5708
DB00734	LSM-3193
DB00735	LSM-3661
DB00736	LSM-1651
DB00737	LSM-1607
DB00738	LSM-4540
DB00740	LSM-2471
DB00741	LSM-1785
DB00741	LSM-5980
DB00741	LSM-6492
DB00741	LSM-6649
DB00743	LSM-5424
DB00743	LSM-6514
DB00744	LSM-5084
DB00745	LSM-1343
DB00746	LSM-6541
DB00747	LSM-1330
DB00747	LSM-1684
DB00747	LSM-4015
DB00748	LSM-1435
DB00749	LSM-1781
DB00749	LSM-6021
DB00750	LSM-5078
DB00752	LSM-1562
DB00752	LSM-5578
DB00752	LSM-5943
DB00754	LSM-1440
DB00755	LSM-2135
DB00756	LSM-6032
DB00757	LSM-5418
DB00758	LSM-15331
DB00758	LSM-5415
DB00760	LSM-5208
DB00760	LSM-5822
DB00762	LSM-2167
DB00762	LSM-4269
DB00763	LSM-5646
DB00766	LSM-5434
DB00768	LSM-5498
DB00770	LSM-3161
DB00771	LSM-6447
DB00773	LSM-4271
DB00773	LSM-5572
DB00773	LSM-6301
DB00773	LSM-6348
DB00774	LSM-5497
DB00776	LSM-5219
DB00778	LSM-20929
DB00778	LSM-5319
DB00778	LSM-6482
DB00779	LSM-5590
DB00780	LSM-5928
DB00782	LSM-5959
DB00783	LSM-1367
DB00783	LSM-2421
DB00783	LSM-6474
DB00784	LSM-4085
DB00787	LSM-5459
DB00788	LSM-1880
DB00788	LSM-5472
DB00788	LSM-5689
DB00789	LSM-5424
DB00789	LSM-5524
DB00789	LSM-6514
DB00790	LSM-4080
DB00790	LSM-5927
DB00792	LSM-3271
DB00793	LSM-5310
DB00794	LSM-2700
DB00796	LSM-5903
DB00797	LSM-3020
DB00798	LSM-6037
DB00798	LSM-6491
DB00800	LSM-1609
DB00804	LSM-3534
DB00805	LSM-2037
DB00806	LSM-3285
DB00807	LSM-3780
DB00808	LSM-1936
DB00809	LSM-1814
DB00810	LSM-1235
DB00810	LSM-1495
DB00810	LSM-6403
DB00811	LSM-5189
DB00811	LSM-5701
DB00811	LSM-6426
DB00812	LSM-2219
DB00816	LSM-4318
DB00818	LSM-3847
DB00819	LSM-5543
DB00820	LSM-4109
DB00821	LSM-1350
DB00822	LSM-5467
DB00823	LSM-5321
DB00826	LSM-6365
DB00827	LSM-6552
DB00829	LSM-2359
DB00831	LSM-4010
DB00832	LSM-1359
DB00833	LSM-5368
DB00833	LSM-6481
DB00834	LSM-1569
DB00834	LSM-2822
DB00834	LSM-5552
DB00835	LSM-1736
DB00835	LSM-5386
DB00836	LSM-3365
DB00839	LSM-2699
DB00841	LSM-1807
DB00843	LSM-1598
DB00844	LSM-1908
DB00844	LSM-3477
DB00844	LSM-4983
DB00845	LSM-5669
DB00846	LSM-1605
DB00846	LSM-1993
DB00846	LSM-5687
DB00848	LSM-1579
DB00848	LSM-6655
DB00850	LSM-2224
DB00852	LSM-1633
DB00852	LSM-1961
DB00852	LSM-3885
DB00853	LSM-4590
DB00855	LSM-5677
DB00857	LSM-5759
DB00859	LSM-6626
DB00860	LSM-1425
DB00860	LSM-24954
DB00860	LSM-5778
DB00861	LSM-2490
DB00862	LSM-2292
DB00863	LSM-2298
DB00864	LSM-3557
DB00864	LSM-5735
DB00864	LSM-6436
DB00866	LSM-1238
DB00867	LSM-1664
DB00867	LSM-3138
DB00868	LSM-4052
DB00869	LSM-5597
DB00870	LSM-4406
DB00871	LSM-5065
DB00874	LSM-1896
DB00876	LSM-4700
DB00877	LSM-1052
DB00877	LSM-4886
DB00877	LSM-6188
DB00878	LSM-5633
DB00880	LSM-5942
DB00881	LSM-3620
DB00882	LSM-2072
DB00883	LSM-5454
DB00887	LSM-2848
DB00889	LSM-5231
DB00889	LSM-5283
DB00890	LSM-4142
DB00891	LSM-5531
DB00892	LSM-2069
DB00896	LSM-2685
DB00896	LSM-5414
DB00900	LSM-6017
DB00903	LSM-3420
DB00904	LSM-1375
DB00905	LSM-5177
DB00906	LSM-5700
DB00908	LSM-3325
DB00908	LSM-5109
DB00908	LSM-6020
DB00908	LSM-6452
DB00909	LSM-3062
DB00911	LSM-5948
DB00912	LSM-3863
DB00914	LSM-2233
DB00915	LSM-3571
DB00916	LSM-5628
DB00917	LSM-2581
DB00918	LSM-25659
DB00919	LSM-5298
DB00920	LSM-2637
DB00923	LSM-2838
DB00923	LSM-5241
DB00924	LSM-5537
DB00925	LSM-1729
DB00926	LSM-5491
DB00927	LSM-5201
DB00928	LSM-4967
DB00928	LSM-5218
DB00929	LSM-5066
DB00933	LSM-1329
DB00934	LSM-2043
DB00935	LSM-2353
DB00936	LSM-4763
DB00937	LSM-5038
DB00938	LSM-1240
DB00939	LSM-3108
DB00940	LSM-2202
DB00943	LSM-5915
DB00944	LSM-5622
DB00945	LSM-5288
DB00947	LSM-1895
DB00947	LSM-4986
DB00947	LSM-6504
DB00949	LSM-4232
DB00950	LSM-1770
DB00951	LSM-6682
DB00953	LSM-3691
DB00954	LSM-5636
DB00954	LSM-6519
DB00957	LSM-1266
DB00957	LSM-5384
DB00958	LSM-4265
DB00959	LSM-5485
DB00959	LSM-5889
DB00959	LSM-6457
DB00960	LSM-1953
DB00960	LSM-24941
DB00961	LSM-4306
DB00962	LSM-5971
DB00963	LSM-5585
DB00966	LSM-3657
DB00967	LSM-5887
DB00968	LSM-5596
DB00969	LSM-5576
DB00970	LSM-5783
DB00972	LSM-5127
DB00973	LSM-1533
DB00973	LSM-5536
DB00975	LSM-3927
DB00976	LSM-4342
DB00977	LSM-1251
DB00977	LSM-5593
DB00977	LSM-5945
DB00978	LSM-5145
DB00979	LSM-1800
DB00980	LSM-20965
DB00981	LSM-2558
DB00981	LSM-5037
DB00982	LSM-2135
DB00983	LSM-4251
DB00985	LSM-5581
DB00985	LSM-6066
DB00985	LSM-6704
DB00986	LSM-5163
DB00987	LSM-5470
DB00988	LSM-4630
DB00989	LSM-5280
DB00990	LSM-1773
DB00990	LSM-5474
DB00990	LSM-5984
DB00991	LSM-2553
DB00993	LSM-2713
DB00994	LSM-5787
DB00996	LSM-5716
DB00997	LSM-1622
DB00997	LSM-1799
DB00997	LSM-2078
DB00997	LSM-4062
DB00999	LSM-5308
DB01000	LSM-3987
DB01001	LSM-5178
DB01001	LSM-5480
DB01002	LSM-4301
DB01003	LSM-5370
DB01004	LSM-5382
DB01006	LSM-3980
DB01007	LSM-5028
DB01008	LSM-5388
DB01009	LSM-1955
DB01009	LSM-5547
DB01010	LSM-5867
DB01011	LSM-3035
DB01012	LSM-5815
DB01013	LSM-1414
DB01013	LSM-1697
DB01013	LSM-5281
DB01013	LSM-5904
DB01015	LSM-5422
DB01016	LSM-2811
DB01018	LSM-2716
DB01019	LSM-5196
DB01020	LSM-5883
DB01021	LSM-4383
DB01022	LSM-5083
DB01023	LSM-1447
DB01024	LSM-2681
DB01025	LSM-5432
DB01026	LSM-5148
DB01026	LSM-5430
DB01026	LSM-6434
DB01029	LSM-3338
DB01030	LSM-4296
DB01030	LSM-5662
DB01032	LSM-4140
DB01033	LSM-5963
DB01034	LSM-5629
DB01035	LSM-3681
DB01036	LSM-5645
DB01037	LSM-5920
DB01039	LSM-3107
DB01041	LSM-1914
DB01043	LSM-5154
DB01043	LSM-5966
DB01044	LSM-5139
DB01044	LSM-6699
DB01047	LSM-1337
DB01047	LSM-19002
DB01047	LSM-5579
DB01050	LSM-1354
DB01050	LSM-2323
DB01051	LSM-5910
DB01053	LSM-3229
DB01053	LSM-5595
DB01054	LSM-1246
DB01055	LSM-6473
DB01056	LSM-1909
DB01058	LSM-1387
DB01059	LSM-5286
DB01060	LSM-5654
DB01060	LSM-6540
DB01061	LSM-15179
DB01061	LSM-5812
DB01062	LSM-5111
DB01064	LSM-4311
DB01064	LSM-5393
DB01064	LSM-5503
DB01065	LSM-4779
DB01067	LSM-2251
DB01069	LSM-4440
DB01074	LSM-4353
DB01075	LSM-5581
DB01075	LSM-6066
DB01075	LSM-6704
DB01076	LSM-5164
DB01076	LSM-5771
DB01077	LSM-5508
DB01080	LSM-4959
DB01081	LSM-5534
DB01083	LSM-5724
DB01084	LSM-5331
DB01085	LSM-15522
DB01085	LSM-5909
DB01086	LSM-5830
DB01087	LSM-1649
DB01090	LSM-5561
DB01091	LSM-5956
DB01092	LSM-1580
DB01092	LSM-1740
DB01092	LSM-2781
DB01092	LSM-36355
DB01094	LSM-20933
DB01094	LSM-6444
DB01095	LSM-3475
DB01095	LSM-5520
DB01095	LSM-6433
DB01096	LSM-6378
DB01097	LSM-3771
DB01098	LSM-3865
DB01099	LSM-5878
DB01100	LSM-2001
DB01101	LSM-5705
DB01103	LSM-1577
DB01104	LSM-3843
DB01104	LSM-5673
DB01105	LSM-5000
DB01106	LSM-2731
DB01110	LSM-5165
DB01112	LSM-15185
DB01112	LSM-5500
DB01112	LSM-5725
DB01113	LSM-2338
DB01114	LSM-1263
DB01114	LSM-4008
DB01114	LSM-5517
DB01115	LSM-4176
DB01118	LSM-2379
DB01119	LSM-3639
DB01120	LSM-5096
DB01121	LSM-19006
DB01124	LSM-3907
DB01127	LSM-1617
DB01128	LSM-1437
DB01129	LSM-5045
DB01130	LSM-3017
DB01130	LSM-5993
DB01131	LSM-2618
DB01132	LSM-1592
DB01136	LSM-1310
DB01137	LSM-4370
DB01137	LSM-5270
DB01138	LSM-1491
DB01140	LSM-5722
DB01140	LSM-6468
DB01142	LSM-2803
DB01143	LSM-4721
DB01144	LSM-3602
DB01146	LSM-5385
DB01147	LSM-15183
DB01147	LSM-5392
DB01148	LSM-3050
DB01149	LSM-4031
DB01150	LSM-21640
DB01151	LSM-3351
DB01153	LSM-1938
DB01154	LSM-4367
DB01155	LSM-4428
DB01156	LSM-1267
DB01158	LSM-5607
DB01160	LSM-6063
DB01162	LSM-4997
DB01163	LSM-5528
DB01165	LSM-4370
DB01165	LSM-5270
DB01166	LSM-3491
DB01167	LSM-5032
DB01168	LSM-2272
DB01170	LSM-6719
DB01171	LSM-5247
DB01172	LSM-5261
DB01173	LSM-1630
DB01175	LSM-1585
DB01175	LSM-3569
DB01176	LSM-5857
DB01177	LSM-3917
DB01177	LSM-5769
DB01177	LSM-6192
DB01178	LSM-4356
DB01179	LSM-3055
DB01179	LSM-5703
DB01180	LSM-3170
DB01181	LSM-5118
DB01182	LSM-1416
DB01183	LSM-1499
DB01183	LSM-1749
DB01183	LSM-3504
DB01184	LSM-2850
DB01186	LSM-3352
DB01188	LSM-5307
DB01190	LSM-4366
DB01190	LSM-6406
DB01191	LSM-5685
DB01193	LSM-4384
DB01194	LSM-3677
DB01195	LSM-1297
DB01197	LSM-5648
DB01198	LSM-4408
DB01199	LSM-4245
DB01200	LSM-1670
DB01200	LSM-1746
DB01200	LSM-1817
DB01200	LSM-5805
DB01200	LSM-6550
DB01202	LSM-5603
DB01203	LSM-1879
DB01203	LSM-1950
DB01204	LSM-2481
DB01205	LSM-4228
DB01208	LSM-5251
DB01210	LSM-5810
DB01210	LSM-6578
DB01211	LSM-5606
DB01213	LSM-5671
DB01216	LSM-1842
DB01216	LSM-1999
DB01216	LSM-5692
DB01217	LSM-5631
DB01218	LSM-5072
DB01219	LSM-3823
DB01220	LSM-5951
DB01222	LSM-1472
DB01222	LSM-1673
DB01222	LSM-1835
DB01222	LSM-5090
DB01223	LSM-6010
DB01224	LSM-3543
DB01229	LSM-1102
DB01229	LSM-1400
DB01229	LSM-5923
DB01229	LSM-6346
DB01230	LSM-5159
DB01231	LSM-2008
DB01232	LSM-2205
DB01232	LSM-5773
DB01233	LSM-3689
DB01234	LSM-1248
DB01234	LSM-1303
DB01234	LSM-2864
DB01234	LSM-4412
DB01234	LSM-4466
DB01234	LSM-5202
DB01234	LSM-5512
DB01235	LSM-5481
DB01238	LSM-5776
DB01239	LSM-3310
DB01241	LSM-2227
DB01242	LSM-3171
DB01243	LSM-2371
DB01244	LSM-1898
DB01245	LSM-6606
DB01246	LSM-1599
DB01247	LSM-4101
DB01248	LSM-4270
DB01248	LSM-5444
DB01248	LSM-5535
DB01248	LSM-5723
DB01248	LSM-6360
DB01249	LSM-4960
DB01251	LSM-3809
DB01253	LSM-1771
DB01254	LSM-1020
DB01259	LSM-1051
DB01261	LSM-5363
DB01262	LSM-5855
DB01262	LSM-6440
DB01268	LSM-1176
DB01273	LSM-5358
DB01274	LSM-4251
DB01275	LSM-15370
DB01288	LSM-1948
DB01294	LSM-4763
DB01297	LSM-1531
DB01299	LSM-5657
DB01325	LSM-1666
DB01327	LSM-34744
DB01327	LSM-5113
DB01327	LSM-5632
DB01329	LSM-15520
DB01329	LSM-6526
DB01330	LSM-5961
DB01331	LSM-5786
DB01337	LSM-5168
DB01337	LSM-5931
DB01337	LSM-6388
DB01339	LSM-5367
DB01339	LSM-5452
DB01339	LSM-5709
DB01346	LSM-3325
DB01346	LSM-5109
DB01346	LSM-6020
DB01346	LSM-6452
DB01357	LSM-1332
DB01357	LSM-2693
DB01357	LSM-5275
DB01361	LSM-5510
DB01361	LSM-6416
DB01362	LSM-5095
DB01364	LSM-1633
DB01364	LSM-1961
DB01364	LSM-3885
DB01365	LSM-2396
DB01366	LSM-1391
DB01380	LSM-1635
DB01380	LSM-5917
DB01388	LSM-2192
DB01388	LSM-5062
DB01392	LSM-15381
DB01392	LSM-1614
DB01392	LSM-1877
DB01392	LSM-2124
DB01392	LSM-2779
DB01392	LSM-6031
DB01392	LSM-6465
DB01393	LSM-3015
DB01394	LSM-5199
DB01394	LSM-6449
DB01396	LSM-1913
DB01397	LSM-4763
DB01398	LSM-4763
DB01400	LSM-5360
DB01401	LSM-4763
DB01403	LSM-2778
DB01406	LSM-1379
DB01406	LSM-1906
DB01406	LSM-3073
DB01406	LSM-5373
DB01406	LSM-6384
DB01407	LSM-5144
DB01408	LSM-4346
DB01412	LSM-5483
DB01413	LSM-5686
DB01418	LSM-5112
DB01420	LSM-1594
DB01420	LSM-4025
DB01420	LSM-6663
DB01421	LSM-5194
DB01421	LSM-6407
DB01424	LSM-20000
DB01425	LSM-4953
DB01426	LSM-21619
DB01426	LSM-21654
DB01426	LSM-6400
DB01427	LSM-6600
DB01428	LSM-3309
DB01435	LSM-3038
DB01436	LSM-5918
DB01436	LSM-5978
DB01438	LSM-3705
DB01486	LSM-5416
DB01493	LSM-5515
DB01495	LSM-3038
DB01536	LSM-5464
DB01578	LSM-1575
DB01578	LSM-6445
DB01580	LSM-1554
DB01581	LSM-5979
DB01582	LSM-5295
DB01583	LSM-1780
DB01583	LSM-3991
DB01583	LSM-5447
DB01586	LSM-5353
DB01586	LSM-5509
DB01586	LSM-5720
DB01586	LSM-6555
DB01590	LSM-4258
DB01590	LSM-5313
DB01595	LSM-5681
DB01597	LSM-1894
DB01597	LSM-5913
DB01598	LSM-5539
DB01598	LSM-6568
DB01599	LSM-3617
DB01600	LSM-1769
DB01601	LSM-6027
DB01602	LSM-5027
DB01604	LSM-5767
DB01604	LSM-6580
DB01605	LSM-3494
DB01605	LSM-5651
DB01606	LSM-5323
DB01607	LSM-5160
DB01608	LSM-24971
DB01611	LSM-5193
DB01614	LSM-4609
DB01616	LSM-3988
DB01618	LSM-1709
DB01620	LSM-1397
DB01622	LSM-2170
DB01623	LSM-4196
DB01624	LSM-2631
DB01625	LSM-6549
DB01626	LSM-3878
DB01627	LSM-15374
DB01627	LSM-5602
DB01628	LSM-5650
DB01645	LSM-5549
DB01667	LSM-6615
DB01698	LSM-1477
DB01698	LSM-2457
DB01700	LSM-4460
DB01708	LSM-4359
DB01708	LSM-6506
DB01731	LSM-1364
DB01735	LSM-6205
DB01751	LSM-25628
DB01782	LSM-1163
DB01809	LSM-3047
DB01833	LSM-6602
DB01852	LSM-5304
DB01880	LSM-5272
DB01889	LSM-5400
DB01928	LSM-1581
DB01928	LSM-5335
DB01928	LSM-5567
DB01931	LSM-19039
DB01944	LSM-6195
DB01950	LSM-3514
DB01954	LSM-1471
DB01954	LSM-25607
DB01954	LSM-25638
DB02000	LSM-5751
DB02000	LSM-6715
DB02010	LSM-1103
DB02010	LSM-6442
DB02020	LSM-2775
DB02032	LSM-5648
DB02056	LSM-5269
DB02097	LSM-5470
DB02116	LSM-3857
DB02161	LSM-1299
DB02161	LSM-1782
DB02161	LSM-5047
DB02166	LSM-5329
DB02174	LSM-4741
DB02187	LSM-1881
DB02187	LSM-2063
DB02187	LSM-5682
DB02224	LSM-5990
DB02224	LSM-5997
DB02234	LSM-15215
DB02255	LSM-3143
DB02266	LSM-2973
DB02300	LSM-3254
DB02304	LSM-3864
DB02329	LSM-1963
DB02329	LSM-2267
DB02329	LSM-5378
DB02342	LSM-21593
DB02342	LSM-21627
DB02365	LSM-18864
DB02375	LSM-2957
DB02424	LSM-1108
DB02424	LSM-1373
DB02464	LSM-3700
DB02507	LSM-1405
DB02507	LSM-5404
DB02509	LSM-5398
DB02539	LSM-15215
DB02545	LSM-2746
DB02546	LSM-3828
DB02587	LSM-1644
DB02587	LSM-2193
DB02587	LSM-3745
DB02587	LSM-4467
DB02656	LSM-2597
DB02659	LSM-5541
DB02665	LSM-1562
DB02665	LSM-5578
DB02665	LSM-5943
DB02690	LSM-4643
DB02691	LSM-3222
DB02691	LSM-6431
DB02692	LSM-5120
DB02701	LSM-5428
DB02703	LSM-4315
DB02703	LSM-6487
DB02709	LSM-2557
DB02731	LSM-5710
DB02733	LSM-2923
DB02789	LSM-5489
DB02789	LSM-5550
DB02789	LSM-6429
DB02854	LSM-5019
DB02854	LSM-5513
DB02854	LSM-5861
DB02854	LSM-6438
DB02854	LSM-6494
DB02860	LSM-1584
DB02877	LSM-3525
DB02918	LSM-2833
DB02925	LSM-3959
DB02932	LSM-1437
DB02967	LSM-4219
DB03010	LSM-5600
DB03023	LSM-4153
DB03034	LSM-4370
DB03034	LSM-5270
DB03044	LSM-1170
DB03068	LSM-6181
DB03080	LSM-5901
DB03080	LSM-6382
DB03083	LSM-2197
DB03125	LSM-5246
DB03128	LSM-5888
DB03203	LSM-5718
DB03256	LSM-5146
DB03271	LSM-4949
DB03285	LSM-4599
DB03307	LSM-3612
DB03319	LSM-1708
DB03322	LSM-4329
DB03322	LSM-5318
DB03322	LSM-5972
DB03374	LSM-5697
DB03424	LSM-3323
DB03428	LSM-24967
DB03459	LSM-6202
DB03467	LSM-1927
DB03496	LSM-1011
DB03528	LSM-28568
DB03528	LSM-4491
DB03528	LSM-5800
DB03528	LSM-6461
DB03535	LSM-3340
DB03585	LSM-5029
DB03604	LSM-5706
DB03606	LSM-1471
DB03606	LSM-25607
DB03606	LSM-25638
DB03615	LSM-5091
DB03615	LSM-6376
DB03619	LSM-5529
DB03644	LSM-20979
DB03671	LSM-2405
DB03671	LSM-5656
DB03671	LSM-6480
DB03719	LSM-1481
DB03719	LSM-21607
DB03756	LSM-2882
DB03777	LSM-2677
DB03783	LSM-2851
DB03785	LSM-6191
DB03823	LSM-20967
DB03849	LSM-5719
DB03880	LSM-6276
DB03918	LSM-5120
DB03921	LSM-2120
DB03940	LSM-6631
DB04014	LSM-6558
DB04017	LSM-5808
DB04018	LSM-15203
DB04026	LSM-6411
DB04104	LSM-4733
DB04115	LSM-6553
DB04149	LSM-1471
DB04149	LSM-25607
DB04149	LSM-25638
DB04175	LSM-3330
DB04177	LSM-2401
DB04177	LSM-5974
DB04209	LSM-5846
DB04216	LSM-4199
DB04228	LSM-4358
DB04275	LSM-20977
DB04293	LSM-5429
DB04297	LSM-1369
DB04297	LSM-3524
DB04331	LSM-1809
DB04342	LSM-5527
DB04348	LSM-5866
DB04365	LSM-15214
DB04400	LSM-4949
DB04441	LSM-4828
DB04441	LSM-5023
DB04441	LSM-5747
DB04459	LSM-20945
DB04462	LSM-4192
DB04468	LSM-2071
DB04484	LSM-19018
DB04513	LSM-4021
DB04528	LSM-20951
DB04552	LSM-6016
DB04557	LSM-6527
DB04570	LSM-5527
DB04571	LSM-3223
DB04572	LSM-2194
DB04573	LSM-1365
DB04573	LSM-2368
DB04573	LSM-5468
DB04574	LSM-1389
DB04574	LSM-3126
DB04574	LSM-5780
DB04599	LSM-3969
DB04604	LSM-4349
DB04608	LSM-3862
DB04626	LSM-5098
DB04626	LSM-6381
DB04638	LSM-24990
DB04650	LSM-3994
DB04650	LSM-5727
DB04650	LSM-6430
DB04652	LSM-5436
DB04652	LSM-5814
DB04657	LSM-25660
DB04662	LSM-6356
DB04665	LSM-2519
DB04690	LSM-1442
DB04690	LSM-4611
DB04707	LSM-3744
DB04711	LSM-3496
DB04729	LSM-6037
DB04743	LSM-3718
DB04751	LSM-3118
DB04751	LSM-4292
DB04769	LSM-1054
DB04786	LSM-5775
DB04794	LSM-5184
DB04795	LSM-1997
DB04813	LSM-2862
DB04815	LSM-2186
DB04816	LSM-2208
DB04817	LSM-5839
DB04818	LSM-5940
DB04819	LSM-5582
DB04820	LSM-5300
DB04821	LSM-4388
DB04824	LSM-2432
DB04825	LSM-4963
DB04828	LSM-6673
DB04831	LSM-5478
DB04832	LSM-3042
DB04835	LSM-6182
DB04839	LSM-1519
DB04839	LSM-21631
DB04839	LSM-5071
DB04841	LSM-2250
DB04842	LSM-3748
DB04843	LSM-5102
DB04844	LSM-4151
DB04845	LSM-6350
DB04849	LSM-5926
DB04864	LSM-1581
DB04864	LSM-5335
DB04864	LSM-5567
DB04865	LSM-3716
DB04867	LSM-2780
DB04868	LSM-1099
DB04879	LSM-5774
DB04896	LSM-5211
DB04905	LSM-3805
DB04910	LSM-3153
DB04924	LSM-6004
DB04942	LSM-5493
DB04944	LSM-4498
DB04946	LSM-5598
DB04948	LSM-4951
DB04951	LSM-4190
DB04960	LSM-6258
DB04960	LSM-6259
DB05016	LSM-5991
DB05022	LSM-5667
DB05076	LSM-2616
DB05107	LSM-6294
DB05137	LSM-5744
DB05137	LSM-6479
DB05251	LSM-5702
DB05251	LSM-5819
DB05266	LSM-2357
DB05289	LSM-5174
DB05291	LSM-3165
DB05294	LSM-1199
DB05302	LSM-1721
DB05302	LSM-1850
DB05302	LSM-3962
DB05314	LSM-4573
DB05314	LSM-5171
DB05318	LSM-5343
DB05347	LSM-5459
DB05379	LSM-5066
DB05416	LSM-5330
DB05424	LSM-1120
DB05436	LSM-4672
DB05448	LSM-4918
DB05465	LSM-5949
DB05482	LSM-6189
DB05488	LSM-5226
DB05494	LSM-5470
DB05508	LSM-1721
DB05508	LSM-1850
DB05508	LSM-3962
DB05511	LSM-1380
DB05511	LSM-1595
DB05719	LSM-4929
DB05812	LSM-5658
DB06144	LSM-5765
DB06147	LSM-5327
DB06148	LSM-1374
DB06150	LSM-5790
DB06151	LSM-4672
DB06216	LSM-5679
DB06228	LSM-5499
DB06287	LSM-4295
DB06288	LSM-1669
DB06554	LSM-5947
DB06589	LSM-1114
DB06616	LSM-1190
DB06623	LSM-5616
DB06691	LSM-4206
DB06694	LSM-5262
DB06697	LSM-5519
DB06698	LSM-4044
DB06704	LSM-2969
DB06706	LSM-6056
DB06707	LSM-6525
DB06709	LSM-6405
DB06710	LSM-5902
DB06711	LSM-3737
DB06712	LSM-6501
DB06718	LSM-5853
DB06729	LSM-5279
DB06743	LSM-6414
DB06777	LSM-5353
DB06777	LSM-5509
DB06777	LSM-5720
DB06777	LSM-6555
DB06795	LSM-5445
DB06803	LSM-2787
DB06804	LSM-3971
DB06817	LSM-5233
DB06827	LSM-5937
DB06836	LSM-1191
DB06842	LSM-22623
DB06870	LSM-5185
DB06922	LSM-2825
DB06926	LSM-5921
DB06960	LSM-1629
DB06960	LSM-2927
DB06987	LSM-4355
DB06987	LSM-5562
DB06987	LSM-5757
DB06999	LSM-1049
DB07002	LSM-6244
DB07080	LSM-2509
DB07096	LSM-3103
DB07101	LSM-1101
DB07101	LSM-5068
DB07118	LSM-3025
DB07126	LSM-4287
DB07129	LSM-1700
DB07138	LSM-1169
DB07159	LSM-1040
DB07223	LSM-1653
DB07232	LSM-1146
DB07232	LSM-5067
DB07340	LSM-5842
DB07348	LSM-1349
DB07350	LSM-5823
DB07352	LSM-5206
DB07361	LSM-5795
DB07373	LSM-1933
DB07374	LSM-4047
DB07374	LSM-5886
DB07379	LSM-2151
DB07392	LSM-18990
DB07403	LSM-6250
DB07423	LSM-5880
DB07460	LSM-1208
DB07467	LSM-1936
DB07475	LSM-4264
DB07475	LSM-6281
DB07477	LSM-5965
DB07503	LSM-5728
DB07557	LSM-5041
DB07615	LSM-2388
DB07628	LSM-3830
DB07656	LSM-6279
DB07677	LSM-4130
DB07690	LSM-5529
DB07692	LSM-3273
DB07697	LSM-2975
DB07701	LSM-1598
DB07702	LSM-1365
DB07702	LSM-2368
DB07702	LSM-5468
DB07705	LSM-1617
DB07711	LSM-2600
DB07715	LSM-18994
DB07720	LSM-1518
DB07767	LSM-25649
DB07768	LSM-1628
DB07768	LSM-1643
DB07768	LSM-2564
DB07768	LSM-5153
DB07788	LSM-6712
DB07794	LSM-1110
DB07795	LSM-6579
DB07802	LSM-20498
DB07810	LSM-6221
DB07814	LSM-4083
DB07814	LSM-6641
DB07859	LSM-1155
DB07863	LSM-4097
DB07886	LSM-1785
DB07886	LSM-5980
DB07886	LSM-6492
DB07886	LSM-6649
DB07919	LSM-5451
DB07931	LSM-4300
DB07954	LSM-24983
DB07970	LSM-1003
DB07995	LSM-2608
DB07996	LSM-5082
DB07997	LSM-2410
DB08009	LSM-4677
DB08022	LSM-1034
DB08039	LSM-1219
DB08046	LSM-1417
DB08059	LSM-1318
DB08059	LSM-1788
DB08059	LSM-3947
DB08073	LSM-1045
DB08078	LSM-6012
DB08080	LSM-4352
DB08142	LSM-1004
DB08162	LSM-3715
DB08167	LSM-4555
DB08175	LSM-1528
DB08183	LSM-1227
DB08190	LSM-20986
DB08263	LSM-6270
DB08298	LSM-1880
DB08298	LSM-5472
DB08298	LSM-5689
DB08313	LSM-2260
DB08348	LSM-4937
DB08399	LSM-2575
DB08435	LSM-4516
DB08435	LSM-6456
DB08437	LSM-1431
DB08437	LSM-2788
DB08437	LSM-4379
DB08437	LSM-6734
DB08439	LSM-5316
DB08451	LSM-27989
DB08463	LSM-6707
DB08472	LSM-1449
DB08473	LSM-22611
DB08473	LSM-5138
DB08477	LSM-5499
DB08521	LSM-1168
DB08544	LSM-1449
DB08547	LSM-4401
DB08567	LSM-3843
DB08567	LSM-5673
DB08584	LSM-1123
DB08597	LSM-3207
DB08603	LSM-2211
DB08604	LSM-2929
DB08607	LSM-4890
DB08621	LSM-5858
DB08626	LSM-1652
DB08645	LSM-4383
DB08683	LSM-1274
DB08700	LSM-1027
DB08756	LSM-1177
DB08756	LSM-2974
DB08764	LSM-1199
DB08770	LSM-2444
DB08782	LSM-6551
DB08792	LSM-2223
DB08799	LSM-6023
DB08800	LSM-5896
DB08801	LSM-15526
DB08806	LSM-5874
DB08809	LSM-5314
DB08835	LSM-6003
DB08860	LSM-5439
DB08865	LSM-1027
DB08866	LSM-1523
DB08866	LSM-6672
DB08877	LSM-1138
DB08877	LSM-1139
DB08881	LSM-1068
DB08896	LSM-1226
DB08899	LSM-6254
DB08901	LSM-1151
DB08911	LSM-1143
DB08912	LSM-6303
DB08916	LSM-1133
DB08916	LSM-5742
DB08918	LSM-5211
DB08927	LSM-3159
DB08936	LSM-5088
DB08941	LSM-1346
DB08941	LSM-1778
DB08943	LSM-6515
DB08946	LSM-1545
DB08947	LSM-5833
DB08951	LSM-1564
DB08954	LSM-4369
DB08958	LSM-4988
DB08959	LSM-4300
DB08960	LSM-5277
DB08966	LSM-1753
DB08972	LSM-5129
DB08974	LSM-5916
DB08979	LSM-5410
DB08980	LSM-5133
DB08981	LSM-2258
DB08984	LSM-5813
DB08985	LSM-1302
DB08989	LSM-2846
DB08991	LSM-2868
DB08995	LSM-5989
DB09002	LSM-5161
DB09004	LSM-5055
DB09009	LSM-1750
DB09010	LSM-5293
DB09015	LSM-1434
DB09015	LSM-3029
DB09015	LSM-5643
DB09018	LSM-6656
DB09019	LSM-3048
DB09020	LSM-2883
DB09022	LSM-4365
DB09023	LSM-5908
DB09028	LSM-22634
DB09028	LSM-25650
DB09028	LSM-6464
