drugbank_id	mcule_id
DB00091	MCULE-6712278682
DB00117	MCULE-2877373266
DB00117	MCULE-4083000888
DB00117	MCULE-6787534916
DB00117	MCULE-9609124805
DB00119	MCULE-8587144313
DB00120	MCULE-4249753593
DB00120	MCULE-4509365715
DB00120	MCULE-5960921520
DB00121	MCULE-6549466078
DB00121	MCULE-7440963355
DB00122	MCULE-7712564949
DB00123	MCULE-1814780282
DB00123	MCULE-3226089160
DB00123	MCULE-6537319758
DB00123	MCULE-7646209988
DB00125	MCULE-1290049418
DB00125	MCULE-3125760737
DB00126	MCULE-1000777876
DB00126	MCULE-2354296394
DB00127	MCULE-4079516211
DB00127	MCULE-4500869266
DB00128	MCULE-3710241722
DB00128	MCULE-7899824165
DB00128	MCULE-8102700760
DB00128	MCULE-9328817309
DB00129	MCULE-1970642620
DB00130	MCULE-1418655814
DB00130	MCULE-7870225738
DB00130	MCULE-8718820108
DB00131	MCULE-3551661109
DB00131	MCULE-7703149050
DB00132	MCULE-8042162865
DB00133	MCULE-6118038121
DB00133	MCULE-6460387318
DB00133	MCULE-8560981570
DB00134	MCULE-3383932641
DB00134	MCULE-5626142345
DB00134	MCULE-7228063662
DB00134	MCULE-9944164883
DB00135	MCULE-1694199256
DB00135	MCULE-2932088896
DB00135	MCULE-7719741497
DB00135	MCULE-8059108702
DB00138	MCULE-1862736447
DB00138	MCULE-2293704247
DB00138	MCULE-5527321865
DB00138	MCULE-8581541377
DB00139	MCULE-5889111640
DB00140	MCULE-3504953648
DB00140	MCULE-5620064525
DB00140	MCULE-6002277168
DB00141	MCULE-1412635151
DB00141	MCULE-5498302807
DB00142	MCULE-4203507491
DB00142	MCULE-9447720868
DB00143	MCULE-3140368073
DB00143	MCULE-3371744018
DB00143	MCULE-9257720320
DB00145	MCULE-2415764032
DB00147	MCULE-3872885941
DB00147	MCULE-8283890626
DB00148	MCULE-3625061513
DB00149	MCULE-3041792060
DB00149	MCULE-4930237913
DB00149	MCULE-7657212416
DB00150	MCULE-3721322622
DB00150	MCULE-4102614655
DB00150	MCULE-5675773208
DB00150	MCULE-8004234494
DB00150	MCULE-9808999085
DB00151	MCULE-1666411258
DB00151	MCULE-1896679526
DB00151	MCULE-6337217524
DB00151	MCULE-9147562606
DB00152	MCULE-2198445125
DB00153	MCULE-7087103660
DB00155	MCULE-7003128917
DB00155	MCULE-9892421890
DB00156	MCULE-1563595722
DB00156	MCULE-9284411012
DB00156	MCULE-9531951265
DB00158	MCULE-1208976029
DB00158	MCULE-3509109723
DB00160	MCULE-4751903561
DB00160	MCULE-4916719758
DB00160	MCULE-9756365751
DB00161	MCULE-2507309072
DB00161	MCULE-9143825935
DB00161	MCULE-9199801639
DB00163	MCULE-3684036705
DB00163	MCULE-4717974470
DB00165	MCULE-7725975962
DB00166	MCULE-1034910084
DB00166	MCULE-3939318333
DB00166	MCULE-4196115946
DB00166	MCULE-5119858094
DB00167	MCULE-9861955295
DB00168	MCULE-6825805537
DB00168	MCULE-7062406084
DB00168	MCULE-7154634176
DB00168	MCULE-7493691716
DB00168	MCULE-8056607902
DB00168	MCULE-9164230758
DB00170	MCULE-2487773379
DB00172	MCULE-1020921088
DB00172	MCULE-2229401513
DB00172	MCULE-5856142508
DB00173	MCULE-6556342774
DB00174	MCULE-1395307434
DB00174	MCULE-1868046141
DB00174	MCULE-6923060287
DB00177	MCULE-3932863573
DB00177	MCULE-6728882368
DB00177	MCULE-7169523127
DB00177	MCULE-8348485974
DB00178	MCULE-5248389623
DB00178	MCULE-5386328912
DB00178	MCULE-8858912367
DB00179	MCULE-7119316381
DB00180	MCULE-3573201137
DB00181	MCULE-2275748923
DB00181	MCULE-4066377889
DB00181	MCULE-5448996279
DB00181	MCULE-8004972280
DB00184	MCULE-5830857858
DB00184	MCULE-8728421654
DB00190	MCULE-3361662842
DB00190	MCULE-3726796258
DB00190	MCULE-7324993238
DB00190	MCULE-9788063146
DB00193	MCULE-1882520267
DB00193	MCULE-3504250719
DB00193	MCULE-8198453745
DB00193	MCULE-9771369182
DB00194	MCULE-2748108750
DB00194	MCULE-4219451083
DB00194	MCULE-4739150481
DB00194	MCULE-5682876196
DB00194	MCULE-5882466362
DB00194	MCULE-6268373280
DB00194	MCULE-7071766082
DB00194	MCULE-7671875172
DB00194	MCULE-7821885333
DB00194	MCULE-9546992456
DB00195	MCULE-2260668292
DB00195	MCULE-9803896732
DB00196	MCULE-8641424658
DB00198	MCULE-1441617774
DB00198	MCULE-3939535663
DB00199	MCULE-2023073206
DB00199	MCULE-4566208867
DB00200	MCULE-9788063146
DB00201	MCULE-3362813910
DB00203	MCULE-2481702478
DB00206	MCULE-1769487414
DB00206	MCULE-9131256292
DB00206	MCULE-9361278292
DB00207	MCULE-8817893418
DB00208	MCULE-3408481955
DB00208	MCULE-3971692083
DB00213	MCULE-8988409059
DB00215	MCULE-1202550254
DB00215	MCULE-2438768682
DB00215	MCULE-3600224873
DB00215	MCULE-5882770916
DB00215	MCULE-8566721168
DB00215	MCULE-9546560466
DB00219	MCULE-1491988845
DB00219	MCULE-3000590480
DB00223	MCULE-2421243179
DB00223	MCULE-4580442571
DB00225	MCULE-4909487075
DB00225	MCULE-9788063146
DB00227	MCULE-4325649241
DB00227	MCULE-4740518260
DB00230	MCULE-3978936660
DB00230	MCULE-4620415947
DB00232	MCULE-4894694501
DB00233	MCULE-4841633599
DB00235	MCULE-8377851655
DB00238	MCULE-8608154492
DB00241	MCULE-4854044905
DB00243	MCULE-8182023610
DB00244	MCULE-5752745805
DB00245	MCULE-1020352947
DB00245	MCULE-4736181346
DB00245	MCULE-5276546081
DB00249	MCULE-3556782579
DB00250	MCULE-7294380437
DB00252	MCULE-2376673346
DB00254	MCULE-1429067456
DB00254	MCULE-2281788666
DB00254	MCULE-4368118692
DB00254	MCULE-8555113623
DB00254	MCULE-9451678404
DB00255	MCULE-1184803692
DB00255	MCULE-3156396266
DB00257	MCULE-6862012558
DB00258	MCULE-5396813937
DB00258	MCULE-8295936189
DB00259	MCULE-8746683155
DB00260	MCULE-3159218372
DB00260	MCULE-4212827696
DB00260	MCULE-4286940154
DB00260	MCULE-6014142329
DB00262	MCULE-3131772074
DB00263	MCULE-3522661051
DB00264	MCULE-4106696689
DB00264	MCULE-7999715986
DB00265	MCULE-5608418902
DB00266	MCULE-8095183287
DB00267	MCULE-9017914180
DB00271	MCULE-8826505259
DB00273	MCULE-9403222429
DB00277	MCULE-8236489917
DB00280	MCULE-8866988334
DB00281	MCULE-9294700940
DB00282	MCULE-4373491291
DB00284	MCULE-2053937515
DB00284	MCULE-5264098551
DB00285	MCULE-5156532617
DB00285	MCULE-6632261838
DB00286	MCULE-3833394421
DB00291	MCULE-2575006904
DB00292	MCULE-1817647743
DB00292	MCULE-8274432743
DB00292	MCULE-9182197758
DB00293	MCULE-4162722587
DB00297	MCULE-2286784276
DB00297	MCULE-5414144502
DB00300	MCULE-7880804486
DB00302	MCULE-6087008336
DB00309	MCULE-4530107640
DB00309	MCULE-7368625095
DB00310	MCULE-3653099088
DB00310	MCULE-5033624674
DB00310	MCULE-6661021422
DB00311	MCULE-3766215049
DB00313	MCULE-7136317196
DB00315	MCULE-8433728767
DB00316	MCULE-3844920617
DB00317	MCULE-6951584187
DB00318	MCULE-2327203253
DB00319	MCULE-1710708785
DB00319	MCULE-3947206042
DB00319	MCULE-4673734976
DB00319	MCULE-6569523931
DB00319	MCULE-6736608092
DB00319	MCULE-6860214923
DB00319	MCULE-7023487904
DB00319	MCULE-7318373912
DB00319	MCULE-8962332504
DB00320	MCULE-3057253221
DB00321	MCULE-3537115467
DB00321	MCULE-6119641097
DB00322	MCULE-4401224773
DB00322	MCULE-4890053166
DB00324	MCULE-2724365464
DB00326	MCULE-5396813937
DB00328	MCULE-5636486088
DB00330	MCULE-2494035860
DB00330	MCULE-3233367710
DB00330	MCULE-3794568832
DB00330	MCULE-4540759428
DB00330	MCULE-7779325676
DB00330	MCULE-9663372083
DB00331	MCULE-7393156510
DB00332	MCULE-1442325143
DB00332	MCULE-6124492894
DB00332	MCULE-9149653773
DB00335	MCULE-3302522046
DB00335	MCULE-4852016526
DB00335	MCULE-9148694071
DB00336	MCULE-2146553194
DB00336	MCULE-5485227436
DB00338	MCULE-3224208952
DB00339	MCULE-6846697749
DB00341	MCULE-5295925191
DB00341	MCULE-6510783794
DB00341	MCULE-8668839822
DB00343	MCULE-4757300773
DB00343	MCULE-9931403933
DB00345	MCULE-9532170257
DB00346	MCULE-9094645643
DB00347	MCULE-4761457520
DB00348	MCULE-6109734568
DB00351	MCULE-5182543895
DB00351	MCULE-8861434212
DB00352	MCULE-5787306636
DB00356	MCULE-3638156868
DB00357	MCULE-5626204648
DB00357	MCULE-7766150083
DB00357	MCULE-9118268281
DB00358	MCULE-2230999659
DB00358	MCULE-2465134793
DB00359	MCULE-4577338719
DB00364	MCULE-9699231474
DB00364	MCULE-9788063146
DB00367	MCULE-1283162506
DB00367	MCULE-6301437684
DB00368	MCULE-2284044831
DB00368	MCULE-2408937172
DB00368	MCULE-6262207923
DB00370	MCULE-1174883554
DB00370	MCULE-1894397344
DB00373	MCULE-6334087691
DB00373	MCULE-8949998318
DB00375	MCULE-2316124162
DB00375	MCULE-6957304600
DB00375	MCULE-8144448889
DB00375	MCULE-8710235870
DB00375	MCULE-9759519789
DB00376	MCULE-6065307656
DB00376	MCULE-6125708050
DB00377	MCULE-1579473436
DB00377	MCULE-6908505708
DB00378	MCULE-3199930207
DB00379	MCULE-1930292316
DB00379	MCULE-4507699259
DB00381	MCULE-8264151664
DB00382	MCULE-3628803328
DB00382	MCULE-7658040912
DB00382	MCULE-9231800856
DB00384	MCULE-5832721534
DB00388	MCULE-1962587004
DB00388	MCULE-6796051320
DB00389	MCULE-1170558032
DB00390	MCULE-8165628529
DB00390	MCULE-8462494806
DB00391	MCULE-7506797476
DB00393	MCULE-4717687158
DB00394	MCULE-2307334384
DB00395	MCULE-3695657564
DB00396	MCULE-8417547529
DB00398	MCULE-6112506696
DB00400	MCULE-1119099821
DB00400	MCULE-1983595404
DB00400	MCULE-5488425907
DB00400	MCULE-8477977262
DB00400	MCULE-8628846302
DB00400	MCULE-8909987576
DB00401	MCULE-5009799152
DB00402	MCULE-3167182309
DB00402	MCULE-4232092935
DB00402	MCULE-4633960136
DB00402	MCULE-5099990703
DB00402	MCULE-8178167281
DB00404	MCULE-1215564244
DB00406	MCULE-6095016251
DB00406	MCULE-8035197748
DB00411	MCULE-5642570831
DB00411	MCULE-7728164114
DB00411	MCULE-9644162883
DB00412	MCULE-6489966185
DB00412	MCULE-8293284864
DB00413	MCULE-1323845397
DB00413	MCULE-4233228077
DB00413	MCULE-6778479529
DB00414	MCULE-3744173137
DB00415	MCULE-9165243575
DB00416	MCULE-6152801555
DB00417	MCULE-1027273107
DB00417	MCULE-1403447086
DB00417	MCULE-4295291212
DB00417	MCULE-4516844426
DB00417	MCULE-4533801996
DB00417	MCULE-4931043539
DB00417	MCULE-7617487411
DB00417	MCULE-8587207607
DB00417	MCULE-9997080204
DB00421	MCULE-4394091100
DB00421	MCULE-7750563158
DB00424	MCULE-1764209130
DB00426	MCULE-6850246103
DB00427	MCULE-1389248075
DB00427	MCULE-7512792589
DB00429	MCULE-7300085951
DB00434	MCULE-3352282545
DB00437	MCULE-5186178136
DB00438	MCULE-5427330412
DB00438	MCULE-5605310919
DB00438	MCULE-6690139813
DB00438	MCULE-8901712338
DB00438	MCULE-9068634681
DB00440	MCULE-6670904388
DB00443	MCULE-4773827191
DB00443	MCULE-8449904782
DB00445	MCULE-1987806380
DB00445	MCULE-4188577717
DB00446	MCULE-1561770225
DB00446	MCULE-5311202412
DB00446	MCULE-5585315026
DB00446	MCULE-7778960570
DB00446	MCULE-8814562235
DB00448	MCULE-8446262134
DB00451	MCULE-5870225988
DB00451	MCULE-8611691549
DB00455	MCULE-5073177964
DB00456	MCULE-2780065478
DB00456	MCULE-2927862684
DB00456	MCULE-3627054086
DB00456	MCULE-4381582862
DB00456	MCULE-7320698397
DB00456	MCULE-8531048101
DB00456	MCULE-9158285466
DB00457	MCULE-7492026178
DB00457	MCULE-8104643269
DB00458	MCULE-5997199711
DB00458	MCULE-9471074673
DB00462	MCULE-6124492894
DB00462	MCULE-8895721422
DB00462	MCULE-9148232132
DB00467	MCULE-2632820619
DB00468	MCULE-1532027186
DB00468	MCULE-3072325944
DB00477	MCULE-5976054678
DB00477	MCULE-8792081568
DB00479	MCULE-2128725120
DB00479	MCULE-3053286725
DB00479	MCULE-6148260173
DB00479	MCULE-7653567955
DB00479	MCULE-7783931060
DB00479	MCULE-8924710657
DB00479	MCULE-9034136400
DB00479	MCULE-9088298957
DB00480	MCULE-9771679074
DB00481	MCULE-4598311006
DB00481	MCULE-7336063262
DB00482	MCULE-4750749400
DB00483	MCULE-6152801555
DB00484	MCULE-4542695850
DB00485	MCULE-2219014670
DB00485	MCULE-7713174761
DB00487	MCULE-3576829094
DB00488	MCULE-1605383293
DB00489	MCULE-3878563080
DB00489	MCULE-8589076631
DB00490	MCULE-1919697845
DB00490	MCULE-3504513666
DB00491	MCULE-2158237443
DB00491	MCULE-9755918434
DB00493	MCULE-5307502173
DB00493	MCULE-5791552610
DB00493	MCULE-5908920538
DB00493	MCULE-6008190974
DB00493	MCULE-7225181552
DB00493	MCULE-7728414803
DB00493	MCULE-9988072641
DB00494	MCULE-1616553981
DB00495	MCULE-3669241621
DB00495	MCULE-8664408343
DB00498	MCULE-1090571544
DB00499	MCULE-7498839065
DB00501	MCULE-2885245608
DB00503	MCULE-6979781513
DB00503	MCULE-9029064305
DB00507	MCULE-8701444531
DB00508	MCULE-4776607695
DB00508	MCULE-9151902507
DB00509	MCULE-5870225988
DB00509	MCULE-8611691549
DB00513	MCULE-3640363033
DB00513	MCULE-6389520144
DB00513	MCULE-6593883576
DB00514	MCULE-1731999373
DB00514	MCULE-4399511134
DB00515	MCULE-7728164114
DB00516	MCULE-9788063146
DB00517	MCULE-6124492894
DB00518	MCULE-5872469561
DB00525	MCULE-6942707513
DB00526	MCULE-6647815245
DB00527	MCULE-2036117305
DB00527	MCULE-4397469465
DB00528	MCULE-2712241399
DB00528	MCULE-2762147672
DB00530	MCULE-7764565391
DB00530	MCULE-9498970160
DB00531	MCULE-5327530727
DB00532	MCULE-6021512202
DB00533	MCULE-4806636118
DB00534	MCULE-7569539735
DB00534	MCULE-7728164114
DB00536	MCULE-1152750770
DB00537	MCULE-8631780654
DB00538	MCULE-4909487075
DB00539	MCULE-5946773708
DB00539	MCULE-6965711017
DB00541	MCULE-1979497094
DB00541	MCULE-4865117155
DB00541	MCULE-9359957991
DB00541	MCULE-9716648888
DB00542	MCULE-3688223661
DB00542	MCULE-8422231821
DB00543	MCULE-9583761109
DB00544	MCULE-6338086431
DB00545	MCULE-2045762718
DB00545	MCULE-9535630272
DB00548	MCULE-4093240509
DB00549	MCULE-2053856450
DB00550	MCULE-9403710688
DB00551	MCULE-2682231025
DB00553	MCULE-2500932325
DB00554	MCULE-1939282084
DB00555	MCULE-7648410888
DB00559	MCULE-3074160312
DB00561	MCULE-1905124271
DB00561	MCULE-9853713128
DB00563	MCULE-3234195945
DB00563	MCULE-6523054194
DB00564	MCULE-9121567287
DB00565	MCULE-3169739755
DB00567	MCULE-2533664895
DB00568	MCULE-5586055809
DB00568	MCULE-8383449065
DB00569	MCULE-3833394421
DB00570	MCULE-9557143632
DB00570	MCULE-9967454324
DB00571	MCULE-6124856976
DB00571	MCULE-7804628650
DB00572	MCULE-1764209130
DB00573	MCULE-2686503876
DB00574	MCULE-1052472012
DB00574	MCULE-9398907294
DB00575	MCULE-5017779690
DB00575	MCULE-9274594116
DB00577	MCULE-5144364202
DB00577	MCULE-5197523416
DB00581	MCULE-9703640332
DB00583	MCULE-6432281267
DB00585	MCULE-2060254827
DB00586	MCULE-1824024270
DB00588	MCULE-6320900519
DB00590	MCULE-6153348827
DB00591	MCULE-1709160556
DB00592	MCULE-5522245554
DB00594	MCULE-5948863568
DB00595	MCULE-3329146897
DB00595	MCULE-5398230579
DB00595	MCULE-9084405025
DB00597	MCULE-4909487075
DB00598	MCULE-6427232261
DB00600	MCULE-6689165962
DB00601	MCULE-1386878455
DB00601	MCULE-7828732421
DB00602	MCULE-7927277604
DB00603	MCULE-1849472820
DB00603	MCULE-1992456011
DB00604	MCULE-7144129340
DB00605	MCULE-1650021370
DB00605	MCULE-2141100739
DB00605	MCULE-5977549605
DB00608	MCULE-3610827164
DB00608	MCULE-4724842928
DB00609	MCULE-1322319906
DB00612	MCULE-4376025366
DB00613	MCULE-5116434245
DB00614	MCULE-6333737667
DB00614	MCULE-7057048022
DB00618	MCULE-3936624334
DB00619	MCULE-2384256888
DB00620	MCULE-2275167728
DB00620	MCULE-2624044429
DB00623	MCULE-5643291638
DB00623	MCULE-7579992672
DB00624	MCULE-1294118086
DB00624	MCULE-3333652397
DB00625	MCULE-3949811498
DB00625	MCULE-8420116224
DB00627	MCULE-3788394698
DB00629	MCULE-3449803623
DB00629	MCULE-4615358259
DB00631	MCULE-2276059681
DB00634	MCULE-7029640696
DB00635	MCULE-2603291254
DB00635	MCULE-9427838644
DB00636	MCULE-9236719628
DB00637	MCULE-9080712110
DB00640	MCULE-2748108750
DB00640	MCULE-4219451083
DB00640	MCULE-4739150481
DB00640	MCULE-5682876196
DB00640	MCULE-5882466362
DB00640	MCULE-6268373280
DB00640	MCULE-7071766082
DB00640	MCULE-7671875172
DB00640	MCULE-7821885333
DB00640	MCULE-9546992456
DB00641	MCULE-8390617062
DB00643	MCULE-4133611535
DB00645	MCULE-1206604674
DB00645	MCULE-3987805129
DB00646	MCULE-3501448846
DB00648	MCULE-2068358149
DB00649	MCULE-8043607347
DB00649	MCULE-9252477726
DB00650	MCULE-5270742619
DB00651	MCULE-5509227834
DB00651	MCULE-5961784994
DB00651	MCULE-6180147561
DB00653	MCULE-1504889908
DB00653	MCULE-3504782871
DB00656	MCULE-3098459714
DB00656	MCULE-8110542411
DB00658	MCULE-2316124162
DB00658	MCULE-2424616806
DB00658	MCULE-6957304600
DB00658	MCULE-8144448889
DB00658	MCULE-8710235870
DB00658	MCULE-9759519789
DB00660	MCULE-3101469866
DB00661	MCULE-3016077278
DB00662	MCULE-6632962832
DB00662	MCULE-6926505112
DB00663	MCULE-5388708004
DB00664	MCULE-9934333099
DB00665	MCULE-3215206804
DB00667	MCULE-4970362785
DB00667	MCULE-5726619687
DB00668	MCULE-2707689623
DB00668	MCULE-4868062157
DB00668	MCULE-9233286495
DB00668	MCULE-9462717294
DB00669	MCULE-3991948648
DB00672	MCULE-3261763364
DB00674	MCULE-5400019199
DB00674	MCULE-7226205054
DB00674	MCULE-7403371703
DB00674	MCULE-8969045978
DB00675	MCULE-5876498503
DB00675	MCULE-8346437605
DB00676	MCULE-4369643785
DB00679	MCULE-1090059754
DB00679	MCULE-7796139302
DB00680	MCULE-2107794795
DB00680	MCULE-2907779244
DB00682	MCULE-1618253893
DB00682	MCULE-2794487450
DB00684	MCULE-4100706539
DB00684	MCULE-7660658069
DB00688	MCULE-4341497570
DB00692	MCULE-3004652227
DB00692	MCULE-3770473461
DB00692	MCULE-4568922009
DB00692	MCULE-6481391425
DB00694	MCULE-6546034726
DB00695	MCULE-8037874224
DB00697	MCULE-2342327042
DB00697	MCULE-7965365460
DB00698	MCULE-3169724629
DB00701	MCULE-8147835017
DB00704	MCULE-4222870229
DB00704	MCULE-7032963403
DB00704	MCULE-8888771893
DB00706	MCULE-2699536414
DB00706	MCULE-7903569966
DB00709	MCULE-2096184994
DB00709	MCULE-9770521872
DB00711	MCULE-7296820622
DB00711	MCULE-8882849329
DB00712	MCULE-3439710050
DB00712	MCULE-4306860727
DB00712	MCULE-8891184661
DB00713	MCULE-7811795356
DB00714	MCULE-1576765478
DB00714	MCULE-3200317958
DB00714	MCULE-3573223658
DB00715	MCULE-3027579794
DB00715	MCULE-3717318507
DB00717	MCULE-9156628994
DB00717	MCULE-9405848361
DB00718	MCULE-6257358029
DB00721	MCULE-3361980012
DB00721	MCULE-8861116126
DB00722	MCULE-4169282145
DB00722	MCULE-5786317132
DB00722	MCULE-5869146518
DB00722	MCULE-6362024113
DB00722	MCULE-6420885026
DB00722	MCULE-6578012434
DB00722	MCULE-7038916856
DB00722	MCULE-7813362088
DB00724	MCULE-9421195760
DB00725	MCULE-6124492894
DB00729	MCULE-7245694496
DB00730	MCULE-3720823189
DB00731	MCULE-4748076858
DB00731	MCULE-7493904901
DB00733	MCULE-2476744627
DB00733	MCULE-8181216389
DB00733	MCULE-9475708961
DB00734	MCULE-4027175053
DB00736	MCULE-3224208952
DB00737	MCULE-6706083805
DB00737	MCULE-7463916552
DB00738	MCULE-8512828218
DB00740	MCULE-9362288181
DB00741	MCULE-4822409054
DB00741	MCULE-8953627920
DB00742	MCULE-5520163874
DB00742	MCULE-8905907565
DB00743	MCULE-1192647577
DB00743	MCULE-4436966604
DB00743	MCULE-4909487075
DB00743	MCULE-4967069764
DB00743	MCULE-6925769130
DB00743	MCULE-9096019965
DB00744	MCULE-7670046922
DB00745	MCULE-6678415272
DB00747	MCULE-1099479602
DB00747	MCULE-1606329466
DB00747	MCULE-8770434436
DB00750	MCULE-7176365958
DB00752	MCULE-4252215835
DB00752	MCULE-7015811838
DB00752	MCULE-7453146081
DB00753	MCULE-2586244040
DB00756	MCULE-3028228047
DB00758	MCULE-2362021814
DB00758	MCULE-4792993119
DB00758	MCULE-9061369538
DB00759	MCULE-2901510287
DB00759	MCULE-3752961261
DB00759	MCULE-8111555447
DB00759	MCULE-9174708419
DB00761	MCULE-5932450224
DB00761	MCULE-7728164114
DB00762	MCULE-1702653278
DB00762	MCULE-3850427409
DB00763	MCULE-9902292741
DB00765	MCULE-1700935161
DB00765	MCULE-4720986345
DB00766	MCULE-3963000692
DB00766	MCULE-4812275143
DB00766	MCULE-5161527312
DB00766	MCULE-6171735649
DB00766	MCULE-9174959968
DB00768	MCULE-5435632313
DB00768	MCULE-9083826739
DB00770	MCULE-5248179465
DB00773	MCULE-2939844524
DB00773	MCULE-7685804754
DB00776	MCULE-9100100302
DB00778	MCULE-6295450111
DB00779	MCULE-3700604125
DB00779	MCULE-6808033849
DB00780	MCULE-1121090101
DB00780	MCULE-2911295500
DB00783	MCULE-9777047906
DB00784	MCULE-1031776135
DB00787	MCULE-2703274259
DB00788	MCULE-2427044065
DB00788	MCULE-6293512671
DB00788	MCULE-8718466451
DB00789	MCULE-1192647577
DB00789	MCULE-4436966604
DB00789	MCULE-4554913963
DB00789	MCULE-4909487075
DB00789	MCULE-4967069764
DB00789	MCULE-6925769130
DB00789	MCULE-9096019965
DB00790	MCULE-1137671061
DB00792	MCULE-1458594447
DB00792	MCULE-1679949518
DB00794	MCULE-2519004832
DB00795	MCULE-7533021815
DB00797	MCULE-5694308124
DB00797	MCULE-8393678793
DB00806	MCULE-9951939936
DB00807	MCULE-8418206804
DB00807	MCULE-9291072201
DB00808	MCULE-1549472772
DB00809	MCULE-4102613027
DB00811	MCULE-1246105264
DB00811	MCULE-9495128592
DB00812	MCULE-4303869118
DB00814	MCULE-4138373089
DB00815	MCULE-3833394421
DB00816	MCULE-1763503293
DB00816	MCULE-8722254342
DB00818	MCULE-1903292305
DB00819	MCULE-4029778803
DB00821	MCULE-1374535547
DB00821	MCULE-4460410269
DB00821	MCULE-9476030813
DB00822	MCULE-1443050857
DB00825	MCULE-1560042129
DB00825	MCULE-1773565901
DB00825	MCULE-3070949324
DB00825	MCULE-4166374217
DB00825	MCULE-4483343064
DB00825	MCULE-5125262116
DB00825	MCULE-6806905940
DB00825	MCULE-8181548788
DB00825	MCULE-9118405009
DB00825	MCULE-9383663409
DB00826	MCULE-4387602164
DB00829	MCULE-8990989144
DB00831	MCULE-1362676470
DB00831	MCULE-3726407978
DB00834	MCULE-7321395114
DB00834	MCULE-7680389329
DB00836	MCULE-3957783776
DB00836	MCULE-8938403173
DB00841	MCULE-3362067907
DB00846	MCULE-9173701731
DB00847	MCULE-1838427828
DB00848	MCULE-4392506462
DB00848	MCULE-7118728152
DB00849	MCULE-2528762430
DB00850	MCULE-2801157388
DB00850	MCULE-6019566915
DB00851	MCULE-7282678858
DB00852	MCULE-5756045923
DB00852	MCULE-9256165953
DB00852	MCULE-9848295327
DB00853	MCULE-9414994158
DB00854	MCULE-4370362098
DB00854	MCULE-9243891828
DB00856	MCULE-1985229890
DB00857	MCULE-7200921281
DB00857	MCULE-8189168435
DB00858	MCULE-5849039211
DB00859	MCULE-4184299411
DB00859	MCULE-5986342172
DB00859	MCULE-8542176080
DB00859	MCULE-9539588985
DB00859	MCULE-9856748563
DB00862	MCULE-5211071344
DB00862	MCULE-5671555647
DB00863	MCULE-2682233624
DB00863	MCULE-8853752958
DB00874	MCULE-1862197560
DB00874	MCULE-8909929116
DB00874	MCULE-9143199682
DB00874	MCULE-9975651571
DB00876	MCULE-9758340949
DB00878	MCULE-4644073142
DB00880	MCULE-3497410863
DB00881	MCULE-5042350385
DB00881	MCULE-5721366729
DB00881	MCULE-7543253438
DB00882	MCULE-3924797904
DB00887	MCULE-6802013568
DB00889	MCULE-2461768801
DB00889	MCULE-2474398583
DB00891	MCULE-7911106459
DB00894	MCULE-6085619223
DB00895	MCULE-1814780282
DB00895	MCULE-3226089160
DB00895	MCULE-6537319758
DB00895	MCULE-7646209988
DB00898	MCULE-8818474596
DB00900	MCULE-2491895021
DB00903	MCULE-6140194266
DB00904	MCULE-4423935922
DB00904	MCULE-8033664166
DB00904	MCULE-9438746800
DB00908	MCULE-1532027186
DB00908	MCULE-3072325944
DB00909	MCULE-1873297847
DB00911	MCULE-2580495783
DB00912	MCULE-3611790330
DB00912	MCULE-5348082374
DB00914	MCULE-1254555434
DB00914	MCULE-2649903903
DB00916	MCULE-6891596695
DB00919	MCULE-1267098066
DB00919	MCULE-3065096481
DB00920	MCULE-8066161520
DB00920	MCULE-9272232163
DB00927	MCULE-1972636463
DB00928	MCULE-7974162026
DB00928	MCULE-8318770472
DB00936	MCULE-8407868694
DB00937	MCULE-2048650105
DB00937	MCULE-3905795013
DB00939	MCULE-3600081195
DB00939	MCULE-4652582072
DB00941	MCULE-8677953674
DB00943	MCULE-6071296177
DB00945	MCULE-3199019536
DB00949	MCULE-2661497722
DB00950	MCULE-4193800017
DB00950	MCULE-5306097997
DB00951	MCULE-6324947959
DB00954	MCULE-3638843068
DB00958	MCULE-5646000632
DB00959	MCULE-8934838036
DB00966	MCULE-8479555254
DB00967	MCULE-2975958622
DB00968	MCULE-3456177599
DB00968	MCULE-8885874119
DB00973	MCULE-4417284526
DB00973	MCULE-8480059550
DB00974	MCULE-1868494404
DB00975	MCULE-3112669573
DB00977	MCULE-1979046326
DB00977	MCULE-2138350364
DB00977	MCULE-5991854877
DB00981	MCULE-9310809074
DB00984	MCULE-5122697862
DB00985	MCULE-3867814648
DB00985	MCULE-6260910826
DB00987	MCULE-1440805673
DB00987	MCULE-3044641322
DB00987	MCULE-3945147956
DB00988	MCULE-7558764100
DB00991	MCULE-7099031811
DB00992	MCULE-7356254100
DB00992	MCULE-8571939531
DB00993	MCULE-8637589610
DB00996	MCULE-5392848565
DB00997	MCULE-1987806380
DB00997	MCULE-4188577717
DB00999	MCULE-6585933943
DB01001	MCULE-4493408325
DB01002	MCULE-2286784276
DB01002	MCULE-5414144502
DB01003	MCULE-4994762451
DB01003	MCULE-8432777058
DB01004	MCULE-9512761592
DB01005	MCULE-9465284053
DB01008	MCULE-1840882522
DB01013	MCULE-6352927484
DB01013	MCULE-8866135651
DB01015	MCULE-1450176600
DB01016	MCULE-2351642942
DB01017	MCULE-1476296733
DB01019	MCULE-3425585639
DB01019	MCULE-4959115853
DB01020	MCULE-9603689070
DB01020	MCULE-9822410440
DB01023	MCULE-1154856901
DB01023	MCULE-1247765254
DB01023	MCULE-4186849928
DB01023	MCULE-8253440089
DB01024	MCULE-1286782468
DB01026	MCULE-2726394491
DB01029	MCULE-9617953373
DB01032	MCULE-8664946016
DB01033	MCULE-4811219863
DB01035	MCULE-2863739556
DB01035	MCULE-9726613752
DB01037	MCULE-2022038565
DB01037	MCULE-3188554308
DB01041	MCULE-6327754946
DB01042	MCULE-8007157187
DB01042	MCULE-9133289696
DB01044	MCULE-4557972261
DB01045	MCULE-8210589684
DB01047	MCULE-8687185486
DB01048	MCULE-1171822695
DB01049	MCULE-6572487779
DB01050	MCULE-5291883887
DB01050	MCULE-6401400613
DB01050	MCULE-9475454445
DB01051	MCULE-2350558007
DB01051	MCULE-6200351849
DB01051	MCULE-8626179110
DB01051	MCULE-9752754481
DB01053	MCULE-3899419884
DB01053	MCULE-6846784607
DB01054	MCULE-3680092622
DB01055	MCULE-2886907026
DB01058	MCULE-1638759858
DB01059	MCULE-1115657359
DB01060	MCULE-2071207718
DB01061	MCULE-1214137894
DB01061	MCULE-1684950378
DB01061	MCULE-2091962530
DB01061	MCULE-2342058265
DB01061	MCULE-4649546620
DB01061	MCULE-4928846663
DB01061	MCULE-6816309237
DB01061	MCULE-8324633768
DB01061	MCULE-9464098701
DB01064	MCULE-1456958404
DB01064	MCULE-6061231962
DB01065	MCULE-1497884152
DB01067	MCULE-5142805548
DB01069	MCULE-6615710182
DB01069	MCULE-8146430046
DB01071	MCULE-5957865651
DB01075	MCULE-3867814648
DB01075	MCULE-6260910826
DB01076	MCULE-2368532812
DB01076	MCULE-7757497895
DB01077	MCULE-3037955142
DB01078	MCULE-2646350158
DB01082	MCULE-8102374631
DB01082	MCULE-8464995680
DB01085	MCULE-2634151840
DB01085	MCULE-3540263793
DB01086	MCULE-6566052626
DB01087	MCULE-1557087031
DB01087	MCULE-4488548921
DB01092	MCULE-3852377544
DB01092	MCULE-7874559421
DB01093	MCULE-2005841258
DB01095	MCULE-1980201542
DB01097	MCULE-9490869974
DB01099	MCULE-7094058995
DB01100	MCULE-9624510567
DB01103	MCULE-3049117865
DB01103	MCULE-9567672915
DB01104	MCULE-1681469163
DB01104	MCULE-2823496048
DB01104	MCULE-4360779618
DB01104	MCULE-4657412776
DB01104	MCULE-5029290493
DB01104	MCULE-8177480737
DB01105	MCULE-1680734124
DB01105	MCULE-6656338642
DB01108	MCULE-8531625687
DB01110	MCULE-2106181573
DB01110	MCULE-7996605731
DB01112	MCULE-1480239493
DB01112	MCULE-6049861630
DB01113	MCULE-2677621965
DB01113	MCULE-9598291893
DB01114	MCULE-2363896855
DB01114	MCULE-4539366958
DB01114	MCULE-9543056649
DB01115	MCULE-7336870265
DB01117	MCULE-7318126574
DB01118	MCULE-1243290270
DB01118	MCULE-4156227717
DB01119	MCULE-5031397425
DB01120	MCULE-3608068500
DB01120	MCULE-6919138834
DB01120	MCULE-7236488013
DB01120	MCULE-7993816491
DB01123	MCULE-7040675519
DB01123	MCULE-9362278105
DB01124	MCULE-9720356859
DB01125	MCULE-6278934749
DB01126	MCULE-1602474627
DB01128	MCULE-1236485515
DB01129	MCULE-7848941080
DB01132	MCULE-1259842295
DB01132	MCULE-2346786634
DB01134	MCULE-5613497776
DB01134	MCULE-8140512979
DB01136	MCULE-4556099140
DB01136	MCULE-7944987271
DB01137	MCULE-5746531107
DB01138	MCULE-8521771467
DB01140	MCULE-6475996520
DB01140	MCULE-6662086355
DB01147	MCULE-3089347064
DB01147	MCULE-7556215634
DB01151	MCULE-1872169026
DB01151	MCULE-5904286906
DB01160	MCULE-7300085951
DB01162	MCULE-4030111564
DB01162	MCULE-4508839187
DB01164	MCULE-5396813937
DB01164	MCULE-7728164114
DB01165	MCULE-5746531107
DB01166	MCULE-8893820969
DB01167	MCULE-2446846552
DB01168	MCULE-2203793025
DB01168	MCULE-9065058360
DB01170	MCULE-1014284503
DB01170	MCULE-6728556467
DB01171	MCULE-5300106938
DB01172	MCULE-4595049157
DB01172	MCULE-9076051885
DB01172	MCULE-9729186272
DB01173	MCULE-1907411306
DB01173	MCULE-5864907407
DB01173	MCULE-7320950210
DB01175	MCULE-1202550254
DB01175	MCULE-2438768682
DB01175	MCULE-3600224873
DB01175	MCULE-5882770916
DB01175	MCULE-8566721168
DB01175	MCULE-9546560466
DB01178	MCULE-9476992128
DB01179	MCULE-7709153867
DB01179	MCULE-9617461427
DB01181	MCULE-1480299331
DB01182	MCULE-5193630487
DB01182	MCULE-8776872379
DB01183	MCULE-1335589007
DB01183	MCULE-2955848756
DB01183	MCULE-7328605584
DB01184	MCULE-4430288884
DB01191	MCULE-1052472012
DB01191	MCULE-9398907294
DB01195	MCULE-3327347453
DB01195	MCULE-5143785492
DB01197	MCULE-1716939647
DB01198	MCULE-3167182309
DB01198	MCULE-4232092935
DB01198	MCULE-4633960136
DB01198	MCULE-5099990703
DB01198	MCULE-8178167281
DB01203	MCULE-1462716025
DB01203	MCULE-3183224259
DB01203	MCULE-4103739855
DB01203	MCULE-4296145961
DB01203	MCULE-5292616757
DB01203	MCULE-5672229674
DB01203	MCULE-7844822334
DB01203	MCULE-9222556020
DB01204	MCULE-5513787065
DB01204	MCULE-8071515120
DB01205	MCULE-2830706565
DB01208	MCULE-1827276157
DB01208	MCULE-7133716601
DB01211	MCULE-1264166282
DB01211	MCULE-3791586119
DB01211	MCULE-7168853332
DB01212	MCULE-2156027091
DB01212	MCULE-2516588092
DB01212	MCULE-2815485673
DB01212	MCULE-3194345837
DB01213	MCULE-2732751720
DB01214	MCULE-4113586715
DB01216	MCULE-4762466053
DB01217	MCULE-3029589501
DB01219	MCULE-7128276389
DB01220	MCULE-1303528930
DB01222	MCULE-6766678736
DB01223	MCULE-4740333723
DB01223	MCULE-8236489917
DB01231	MCULE-2100126557
DB01231	MCULE-4932461593
DB01233	MCULE-8566255889
DB01234	MCULE-4773827191
DB01234	MCULE-8449904782
DB01235	MCULE-2909167188
DB01235	MCULE-4743781842
DB01235	MCULE-6834245595
DB01235	MCULE-8112075430
DB01238	MCULE-4329329262
DB01239	MCULE-7221241811
DB01241	MCULE-4563546953
DB01242	MCULE-6443168248
DB01242	MCULE-6495409435
DB01243	MCULE-3987057340
DB01248	MCULE-1930158681
DB01248	MCULE-5751666036
DB01251	MCULE-6775445815
DB01261	MCULE-2101761133
DB01265	MCULE-1182948789
DB01265	MCULE-2001787486
DB01265	MCULE-2349746311
DB01265	MCULE-3214041035
DB01265	MCULE-3606109379
DB01265	MCULE-5223356651
DB01265	MCULE-6384296929
DB01265	MCULE-7222676614
DB01265	MCULE-7680226016
DB01268	MCULE-8640822338
DB01275	MCULE-9226495081
DB01275	MCULE-9301781478
DB01283	MCULE-3735047846
DB01294	MCULE-6945109653
DB01294	MCULE-8407868694
DB01294	MCULE-9788063146
DB01295	MCULE-7175219626
DB01296	MCULE-2592797117
DB01296	MCULE-7966665471
DB01296	MCULE-8889939994
DB01296	MCULE-9890197257
DB01297	MCULE-5192518606
DB01297	MCULE-7992924679
DB01299	MCULE-4025355907
DB01303	MCULE-7712564949
DB01326	MCULE-1930936987
DB01326	MCULE-2557949613
DB01326	MCULE-3558267628
DB01326	MCULE-3860535079
DB01326	MCULE-5227344950
DB01326	MCULE-5381549934
DB01326	MCULE-6028016501
DB01326	MCULE-6331012985
DB01326	MCULE-7956082186
DB01327	MCULE-1819581085
DB01327	MCULE-2075772357
DB01327	MCULE-3206261439
DB01327	MCULE-4773978948
DB01327	MCULE-6391244021
DB01327	MCULE-8496423925
DB01327	MCULE-9221385153
DB01327	MCULE-9663871826
DB01329	MCULE-2485494583
DB01329	MCULE-9825828256
DB01337	MCULE-9073242213
DB01337	MCULE-9845613461
DB01339	MCULE-4520566918
DB01339	MCULE-6555070159
DB01339	MCULE-7004468628
DB01339	MCULE-7428266389
DB01346	MCULE-1532027186
DB01346	MCULE-3072325944
DB01351	MCULE-7618268511
DB01351	MCULE-9367915801
DB01352	MCULE-8984462639
DB01353	MCULE-8998219052
DB01355	MCULE-5461267653
DB01355	MCULE-5992814246
DB01355	MCULE-6033678033
DB01356	MCULE-6872461833
DB01357	MCULE-3756355781
DB01357	MCULE-6161762887
DB01364	MCULE-5756045923
DB01364	MCULE-9256165953
DB01364	MCULE-9848295327
DB01366	MCULE-2273933576
DB01366	MCULE-4039706626
DB01367	MCULE-8317750203
DB01367	MCULE-9216644373
DB01375	MCULE-2415764032
DB01375	MCULE-9788063146
DB01378	MCULE-3504782871
DB01380	MCULE-8390750975
DB01390	MCULE-3743781291
DB01390	MCULE-3833394421
DB01392	MCULE-1043513122
DB01392	MCULE-4460720994
DB01392	MCULE-4993391700
DB01392	MCULE-5347702387
DB01392	MCULE-5669485049
DB01392	MCULE-8740794380
DB01394	MCULE-1568647156
DB01394	MCULE-7902106432
DB01396	MCULE-9783596421
DB01397	MCULE-3504782871
DB01397	MCULE-8407868694
DB01398	MCULE-3833394421
DB01398	MCULE-8407868694
DB01399	MCULE-7200376848
DB01400	MCULE-3501840981
DB01400	MCULE-9726153183
DB01401	MCULE-3504782871
DB01401	MCULE-7712564949
DB01401	MCULE-8407868694
DB01406	MCULE-4068655485
DB01406	MCULE-5533294331
DB01408	MCULE-5915665286
DB01408	MCULE-6324373983
DB01410	MCULE-8805757261
DB01412	MCULE-3914097400
DB01418	MCULE-6023926157
DB01418	MCULE-8509992526
DB01418	MCULE-9444487158
DB01420	MCULE-5488659453
DB01420	MCULE-8627319345
DB01421	MCULE-1528618434
DB01421	MCULE-2666011467
DB01421	MCULE-5643728618
DB01422	MCULE-8622459990
DB01424	MCULE-1554715918
DB01426	MCULE-5763587222
DB01427	MCULE-2781267039
DB01428	MCULE-2222013605
DB01431	MCULE-5010058438
DB01435	MCULE-9945022433
DB01438	MCULE-1193471524
DB01438	MCULE-2762400178
DB01446	MCULE-6417482430
DB01446	MCULE-6948366681
DB01461	MCULE-4487545711
DB01473	MCULE-1052845766
DB01473	MCULE-7919657032
DB01477	MCULE-3167742189
DB01477	MCULE-6124492894
DB01477	MCULE-8292232115
DB01482	MCULE-7728164114
DB01483	MCULE-2107172999
DB01483	MCULE-8944643237
DB01494	MCULE-8745470661
DB01495	MCULE-9945022433
DB01506	MCULE-2724384522
DB01511	MCULE-8414231364
DB01521	MCULE-6805519453
DB01527	MCULE-1105703919
DB01527	MCULE-5051184222
DB01530	MCULE-5056598626
DB01530	MCULE-6366002920
DB01536	MCULE-7384114075
DB01536	MCULE-8902385122
DB01539	MCULE-8029620038
DB01546	MCULE-8710039661
DB01560	MCULE-2018513771
DB01578	MCULE-2362596754
DB01581	MCULE-7699685177
DB01582	MCULE-7831442410
DB01583	MCULE-3833394421
DB01583	MCULE-5870225988
DB01583	MCULE-8611691549
DB01586	MCULE-3421183878
DB01586	MCULE-4374611501
DB01591	MCULE-5889111640
DB01595	MCULE-3394241963
DB01599	MCULE-4445301513
DB01606	MCULE-2051850634
DB01606	MCULE-9859384324
DB01611	MCULE-4122662001
DB01611	MCULE-6282304706
DB01612	MCULE-8065075083
DB01616	MCULE-3553088186
DB01616	MCULE-5221384643
DB01618	MCULE-4631580563
DB01620	MCULE-1277462752
DB01620	MCULE-1937757973
DB01620	MCULE-7152203152
DB01623	MCULE-3767554365
DB01626	MCULE-3540521287
DB01627	MCULE-1025450841
DB01627	MCULE-4469383599
DB01627	MCULE-4676929559
DB01629	MCULE-1630075535
DB01635	MCULE-3628976485
DB01635	MCULE-9763318604
DB01636	MCULE-3163788266
DB01638	MCULE-5520163874
DB01638	MCULE-8905907565
DB01642	MCULE-2996950876
DB01642	MCULE-9257991017
DB01645	MCULE-4857649752
DB01646	MCULE-6118079123
DB01646	MCULE-8710138272
DB01646	MCULE-9459431743
DB01650	MCULE-5451854573
DB01650	MCULE-7485332494
DB01667	MCULE-1863790805
DB01670	MCULE-7327042566
DB01671	MCULE-7569539735
DB01671	MCULE-9788063146
DB01672	MCULE-5691151631
DB01676	MCULE-8164226079
DB01677	MCULE-1113222985
DB01677	MCULE-3549142744
DB01677	MCULE-6787180735
DB01677	MCULE-9920754312
DB01681	MCULE-6439528085
DB01687	MCULE-2333127533
DB01687	MCULE-5999084403
DB01688	MCULE-2287247927
DB01694	MCULE-1568229930
DB01694	MCULE-3643444072
DB01694	MCULE-3867000095
DB01694	MCULE-4223142955
DB01694	MCULE-5996388251
DB01696	MCULE-3320087210
DB01698	MCULE-2009534898
DB01698	MCULE-2822231485
DB01698	MCULE-3630786289
DB01702	MCULE-3883489471
DB01711	MCULE-1997598971
DB01714	MCULE-5703952072
DB01714	MCULE-8267439974
DB01722	MCULE-6974188032
DB01726	MCULE-6540487907
DB01726	MCULE-7578442073
DB01727	MCULE-1207186330
DB01727	MCULE-3358127861
DB01731	MCULE-4300468075
DB01731	MCULE-6250251382
DB01731	MCULE-7301114623
DB01739	MCULE-9861955295
DB01744	MCULE-2476865084
DB01744	MCULE-8091672466
DB01744	MCULE-8475137009
DB01746	MCULE-3041792060
DB01746	MCULE-4930237913
DB01746	MCULE-7657212416
DB01747	MCULE-3117305964
DB01748	MCULE-1382374853
DB01749	MCULE-7572196731
DB01750	MCULE-1244884723
DB01754	MCULE-9764081967
DB01759	MCULE-1079267668
DB01776	MCULE-6836106503
DB01782	MCULE-7820194475
DB01783	MCULE-3265382460
DB01784	MCULE-2193145202
DB01786	MCULE-4751903561
DB01786	MCULE-4916719758
DB01786	MCULE-9756365751
DB01794	MCULE-3504782871
DB01795	MCULE-4283108011
DB01796	MCULE-7041185901
DB01819	MCULE-3602390360
DB01828	MCULE-1379281060
DB01833	MCULE-4434498846
DB01833	MCULE-8379182275
DB01839	MCULE-4464598400
DB01839	MCULE-5574440784
DB01839	MCULE-6582852191
DB01844	MCULE-6290117712
DB01847	MCULE-1578246756
DB01847	MCULE-8905457274
DB01849	MCULE-8986910982
DB01851	MCULE-1347359473
DB01854	MCULE-6893802010
DB01856	MCULE-9618389016
DB01862	MCULE-8478921699
DB01874	MCULE-2798394676
DB01874	MCULE-5387475395
DB01874	MCULE-6630123609
DB01878	MCULE-7496069620
DB01880	MCULE-2069871168
DB01880	MCULE-7843599914
DB01884	MCULE-4089760641
DB01885	MCULE-7110178584
DB01885	MCULE-8968794764
DB01885	MCULE-9821020615
DB01890	MCULE-1590655725
DB01900	MCULE-4817136027
DB01904	MCULE-9129572486
DB01912	MCULE-7869708671
DB01917	MCULE-3098044935
DB01919	MCULE-4736782822
DB01920	MCULE-7291555260
DB01920	MCULE-8375112192
DB01924	MCULE-6084710046
DB01927	MCULE-4663973266
DB01936	MCULE-6940372378
DB01938	MCULE-6394983175
DB01942	MCULE-7175589186
DB01953	MCULE-4657429599
DB01955	MCULE-2010022287
DB01956	MCULE-6041857208
DB01957	MCULE-4606705291
DB01971	MCULE-7002606160
DB01972	MCULE-4942939208
DB01976	MCULE-3216119187
DB01979	MCULE-2996950876
DB01979	MCULE-9257991017
DB01982	MCULE-7930313634
DB01985	MCULE-6341483502
DB01986	MCULE-7165962283
DB01996	MCULE-7651055603
DB02000	MCULE-6322732346
DB02003	MCULE-8524562351
DB02020	MCULE-3512139734
DB02020	MCULE-4425847965
DB02021	MCULE-1034166283
DB02021	MCULE-2910701543
DB02021	MCULE-5139375035
DB02021	MCULE-7536379884
DB02021	MCULE-9963612530
DB02022	MCULE-7050395274
DB02024	MCULE-1670073750
DB02029	MCULE-2142424658
DB02032	MCULE-1716939647
DB02036	MCULE-4667565829
DB02037	MCULE-8219155230
DB02037	MCULE-9048194671
DB02045	MCULE-6547961798
DB02054	MCULE-8263489676
DB02054	MCULE-9535213423
DB02055	MCULE-9258708920
DB02060	MCULE-5664385838
DB02061	MCULE-2333127533
DB02061	MCULE-5999084403
DB02068	MCULE-3920398524
DB02068	MCULE-4971679857
DB02074	MCULE-7970410217
DB02078	MCULE-9670046114
DB02083	MCULE-2303978039
DB02083	MCULE-3368936600
DB02085	MCULE-8718774934
DB02085	MCULE-8788149299
DB02087	MCULE-4003409613
DB02095	MCULE-2273580482
DB02097	MCULE-1440805673
DB02097	MCULE-3044641322
DB02097	MCULE-3945147956
DB02100	MCULE-2996950876
DB02100	MCULE-9257991017
DB02101	MCULE-1034166283
DB02101	MCULE-2910701543
DB02101	MCULE-5139375035
DB02101	MCULE-7536379884
DB02101	MCULE-9963612530
DB02105	MCULE-2217464591
DB02107	MCULE-5992377656
DB02113	MCULE-9334168383
DB02114	MCULE-2931681430
DB02121	MCULE-2712067671
DB02126	MCULE-8546356772
DB02129	MCULE-8091289320
DB02130	MCULE-2100634717
DB02130	MCULE-2667517874
DB02134	MCULE-6687728468
DB02138	MCULE-4843386706
DB02145	MCULE-1571156443
DB02153	MCULE-5293441756
DB02153	MCULE-7783679200
DB02159	MCULE-4464598400
DB02159	MCULE-5574440784
DB02159	MCULE-6582852191
DB02163	MCULE-6517901524
DB02165	MCULE-6561885094
DB02165	MCULE-9788063146
DB02167	MCULE-1371350024
DB02167	MCULE-6789128261
DB02174	MCULE-1418655814
DB02174	MCULE-7870225738
DB02174	MCULE-8718820108
DB02175	MCULE-5893043131
DB02176	MCULE-8295936189
DB02178	MCULE-3725701027
DB02192	MCULE-8439044075
DB02198	MCULE-1503716137
DB02201	MCULE-5893043131
DB02203	MCULE-7494613383
DB02215	MCULE-1814612888
DB02215	MCULE-5544974362
DB02215	MCULE-6100840153
DB02216	MCULE-7668628251
DB02224	MCULE-2394173874
DB02224	MCULE-2692728789
DB02224	MCULE-3125649015
DB02224	MCULE-4254870575
DB02224	MCULE-4871721304
DB02224	MCULE-6492663627
DB02232	MCULE-9007211544
DB02235	MCULE-1424242968
DB02235	MCULE-2810141962
DB02239	MCULE-1392778065
DB02242	MCULE-6857024600
DB02249	MCULE-4311513289
DB02256	MCULE-1366297741
DB02256	MCULE-2008611648
DB02256	MCULE-4086660380
DB02256	MCULE-7300573159
DB02256	MCULE-8416854759
DB02256	MCULE-8621978493
DB02256	MCULE-8742018477
DB02256	MCULE-8951246419
DB02256	MCULE-9715340545
DB02262	MCULE-1013719295
DB02266	MCULE-8606118307
DB02280	MCULE-3206518139
DB02280	MCULE-7845432123
DB02296	MCULE-7411270401
DB02297	MCULE-4760639905
DB02327	MCULE-7605038595
DB02335	MCULE-8661435859
DB02335	MCULE-9984008966
DB02352	MCULE-1376535850
DB02362	MCULE-3535374816
DB02365	MCULE-2911225521
DB02372	MCULE-3866178608
DB02373	MCULE-9788063146
DB02379	MCULE-3577973754
DB02379	MCULE-3846926665
DB02379	MCULE-4260589665
DB02385	MCULE-4858540073
DB02386	MCULE-4918362929
DB02387	MCULE-1870924489
DB02399	MCULE-2198142963
DB02403	MCULE-8877890819
DB02406	MCULE-2333640078
DB02415	MCULE-7963242650
DB02417	MCULE-9995204022
DB02419	MCULE-9475430431
DB02428	MCULE-3726057149
DB02434	MCULE-2208395467
DB02435	MCULE-3156148976
DB02435	MCULE-8108260457
DB02453	MCULE-2330830088
DB02453	MCULE-9788063146
DB02464	MCULE-6894874255
DB02467	MCULE-1424242968
DB02467	MCULE-2810141962
DB02481	MCULE-4418545200
DB02489	MCULE-9120105382
DB02507	MCULE-1618253893
DB02507	MCULE-2794487450
DB02509	MCULE-2737198453
DB02513	MCULE-1453057719
DB02517	MCULE-4203507491
DB02517	MCULE-9447720868
DB02518	MCULE-6844686208
DB02530	MCULE-7613134021
DB02531	MCULE-7783770647
DB02533	MCULE-8251830457
DB02534	MCULE-3496703080
DB02546	MCULE-4234367506
DB02556	MCULE-4249753593
DB02556	MCULE-4509365715
DB02556	MCULE-5960921520
DB02576	MCULE-6406041538
DB02576	MCULE-8212000072
DB02579	MCULE-9352227082
DB02586	MCULE-9044703444
DB02594	MCULE-2040549804
DB02594	MCULE-2348392766
DB02594	MCULE-5684041525
DB02600	MCULE-4540641587
DB02600	MCULE-9349996802
DB02601	MCULE-3619505381
DB02601	MCULE-3842441492
DB02601	MCULE-5835109660
DB02601	MCULE-7930915902
DB02606	MCULE-5005120003
DB02606	MCULE-6063716138
DB02606	MCULE-6785232833
DB02624	MCULE-1366805966
DB02624	MCULE-4434379753
DB02624	MCULE-7924572479
DB02624	MCULE-8903471982
DB02632	MCULE-5715445270
DB02632	MCULE-8546889794
DB02637	MCULE-6059222019
DB02639	MCULE-7057545401
DB02639	MCULE-8594626942
DB02639	MCULE-9810764924
DB02648	MCULE-6432281267
DB02649	MCULE-1168254626
DB02655	MCULE-3710241722
DB02655	MCULE-7899824165
DB02655	MCULE-8102700760
DB02655	MCULE-9328817309
DB02659	MCULE-7032345049
DB02659	MCULE-9639307076
DB02665	MCULE-4252215835
DB02665	MCULE-7015811838
DB02665	MCULE-7453146081
DB02671	MCULE-1857627459
DB02678	MCULE-2592797117
DB02678	MCULE-7966665471
DB02678	MCULE-8889939994
DB02678	MCULE-9890197257
DB02679	MCULE-9026610515
DB02680	MCULE-7187890602
DB02685	MCULE-1997175050
DB02691	MCULE-2417731672
DB02691	MCULE-6228555987
DB02691	MCULE-7589543839
DB02691	MCULE-7956718357
DB02697	MCULE-1312472877
DB02701	MCULE-3532732201
DB02703	MCULE-4654267035
DB02709	MCULE-4334386251
DB02713	MCULE-5811325186
DB02724	MCULE-3117305964
DB02728	MCULE-2026200016
DB02731	MCULE-7569539735
DB02731	MCULE-8297385152
DB02736	MCULE-9280264861
DB02740	MCULE-1997278353
DB02740	MCULE-4353856647
DB02743	MCULE-2333127533
DB02743	MCULE-5999084403
DB02745	MCULE-1820666412
DB02745	MCULE-2717136969
DB02745	MCULE-5010490355
DB02745	MCULE-6302309519
DB02745	MCULE-6437911870
DB02745	MCULE-7064493694
DB02745	MCULE-7324992333
DB02745	MCULE-8665263041
DB02745	MCULE-8669087971
DB02745	MCULE-8811658333
DB02746	MCULE-4747891013
DB02749	MCULE-5755495845
DB02750	MCULE-1666411258
DB02750	MCULE-1896679526
DB02750	MCULE-6337217524
DB02750	MCULE-7569539735
DB02750	MCULE-9147562606
DB02751	MCULE-8327589872
DB02752	MCULE-4448198256
DB02752	MCULE-5376820896
DB02752	MCULE-8557454508
DB02756	MCULE-8915753782
DB02757	MCULE-9342475145
DB02758	MCULE-4395981703
DB02764	MCULE-3465692202
DB02771	MCULE-3947157412
DB02772	MCULE-2194139384
DB02773	MCULE-5882985924
DB02774	MCULE-5166824786
DB02789	MCULE-4006235073
DB02789	MCULE-4269813571
DB02795	MCULE-7627915900
DB02797	MCULE-5274072826
DB02810	MCULE-7776883622
DB02815	MCULE-7457676330
DB02826	MCULE-6071426098
DB02831	MCULE-5726619687
DB02839	MCULE-8411449236
DB02840	MCULE-4278634213
DB02846	MCULE-3895380806
DB02846	MCULE-4243406881
DB02846	MCULE-6095527710
DB02846	MCULE-9117444908
DB02846	MCULE-9622331370
DB02853	MCULE-1020921088
DB02853	MCULE-2229401513
DB02853	MCULE-5856142508
DB02857	MCULE-2959607047
DB02857	MCULE-3042690743
DB02857	MCULE-4083466647
DB02857	MCULE-4525614778
DB02857	MCULE-4775367600
DB02857	MCULE-7026422957
DB02857	MCULE-8920416237
DB02857	MCULE-9419340051
DB02857	MCULE-9538702524
DB02857	MCULE-9684830719
DB02866	MCULE-1746506276
DB02893	MCULE-3383932641
DB02893	MCULE-5626142345
DB02893	MCULE-7228063662
DB02893	MCULE-9944164883
DB02901	MCULE-4205911962
DB02901	MCULE-5987413622
DB02909	MCULE-3645645684
DB02909	MCULE-9861309503
DB02920	MCULE-6561885094
DB02932	MCULE-1236485515
DB02935	MCULE-8598811835
DB02938	MCULE-1489137568
DB02945	MCULE-7930313634
DB02952	MCULE-4254251799
DB02959	MCULE-1328548007
DB02959	MCULE-6151371009
DB02959	MCULE-6968549091
DB02959	MCULE-7974218863
DB02961	MCULE-6097578080
DB02967	MCULE-9216989340
DB02969	MCULE-7651382617
DB02972	MCULE-8389841254
DB02995	MCULE-7654331405
DB03002	MCULE-3055280208
DB03018	MCULE-3181938394
DB03029	MCULE-2208963094
DB03034	MCULE-5746531107
DB03040	MCULE-5696288379
DB03048	MCULE-1559244599
DB03051	MCULE-5387481824
DB03052	MCULE-3152268341
DB03052	MCULE-4707044587
DB03056	MCULE-6651330610
DB03058	MCULE-3846662405
DB03066	MCULE-5387110670
DB03066	MCULE-8864689875
DB03073	MCULE-4624060050
DB03085	MCULE-9792551388
DB03087	MCULE-4481327190
DB03088	MCULE-4175874303
DB03088	MCULE-4204877494
DB03089	MCULE-3710241722
DB03089	MCULE-7899824165
DB03089	MCULE-8102700760
DB03089	MCULE-9328817309
DB03095	MCULE-8798436210
DB03096	MCULE-2887166131
DB03107	MCULE-1344289084
DB03109	MCULE-3769808111
DB03110	MCULE-3004295061
DB03119	MCULE-4643148765
DB03120	MCULE-1176533515
DB03125	MCULE-6670904388
DB03127	MCULE-1587481203
DB03127	MCULE-3828251614
DB03132	MCULE-5558773474
DB03138	MCULE-1858636187
DB03140	MCULE-9853890632
DB03142	MCULE-6940372378
DB03143	MCULE-4020281400
DB03149	MCULE-4230256436
DB03156	MCULE-7930313634
DB03166	MCULE-8295936189
DB03175	MCULE-6252105126
DB03177	MCULE-9032121446
DB03180	MCULE-2184852546
DB03193	MCULE-5127577640
DB03201	MCULE-1666411258
DB03201	MCULE-1896679526
DB03201	MCULE-6337217524
DB03201	MCULE-9147562606
DB03209	MCULE-4740244915
DB03209	MCULE-6395275914
DB03210	MCULE-5126543796
DB03226	MCULE-5503592317
DB03238	MCULE-2139242004
DB03243	MCULE-1284662768
DB03243	MCULE-7721713397
DB03246	MCULE-6940372378
DB03252	MCULE-1814780282
DB03252	MCULE-3226089160
DB03252	MCULE-6537319758
DB03252	MCULE-7646209988
DB03253	MCULE-5505144820
DB03253	MCULE-7325312327
DB03255	MCULE-9943948107
DB03256	MCULE-5270742619
DB03260	MCULE-3766020930
DB03266	MCULE-6802048757
DB03270	MCULE-4194664069
DB03278	MCULE-9009953851
DB03283	MCULE-2639086971
DB03283	MCULE-2813685693
DB03283	MCULE-2970134024
DB03283	MCULE-3786615821
DB03283	MCULE-5232225691
DB03283	MCULE-5873973591
DB03283	MCULE-7773504154
DB03283	MCULE-8022241440
DB03283	MCULE-8713847175
DB03283	MCULE-9086198168
DB03298	MCULE-2929032873
DB03309	MCULE-1130417163
DB03310	MCULE-2996449929
DB03310	MCULE-3422431705
DB03310	MCULE-4881876903
DB03314	MCULE-6908956290
DB03316	MCULE-5088019198
DB03320	MCULE-1867799207
DB03320	MCULE-4853376364
DB03320	MCULE-9197553017
DB03322	MCULE-6124856976
DB03322	MCULE-7804628650
DB03323	MCULE-2333127533
DB03323	MCULE-5999084403
DB03329	MCULE-7596777399
DB03346	MCULE-3360018846
DB03357	MCULE-3206518139
DB03357	MCULE-7845432123
DB03360	MCULE-9022800854
DB03364	MCULE-8995512478
DB03374	MCULE-1965639885
DB03374	MCULE-2428039618
DB03374	MCULE-3219127934
DB03379	MCULE-5647723204
DB03389	MCULE-2748557639
DB03389	MCULE-3308600336
DB03389	MCULE-3863845368
DB03389	MCULE-5117456353
DB03389	MCULE-5867688200
DB03389	MCULE-6170420366
DB03389	MCULE-9012637888
DB03389	MCULE-9608505112
DB03389	MCULE-9731791240
DB03400	MCULE-3130199239
DB03409	MCULE-7004970623
DB03419	MCULE-1147953020
DB03422	MCULE-3576531022
DB03422	MCULE-6783174927
DB03432	MCULE-5638884438
DB03434	MCULE-9768701257
DB03440	MCULE-1871722116
DB03454	MCULE-5410704360
DB03462	MCULE-6356243926
DB03463	MCULE-3769448716
DB03467	MCULE-5489217450
DB03467	MCULE-5852778653
DB03485	MCULE-2639086971
DB03485	MCULE-2813685693
DB03485	MCULE-2970134024
DB03485	MCULE-3786615821
DB03485	MCULE-5232225691
DB03485	MCULE-5873973591
DB03485	MCULE-7773504154
DB03485	MCULE-8022241440
DB03485	MCULE-8713847175
DB03485	MCULE-9086198168
DB03492	MCULE-8524562351
DB03499	MCULE-2239273084
DB03499	MCULE-4984266891
DB03499	MCULE-5852208511
DB03499	MCULE-8865188741
DB03499	MCULE-9924961830
DB03511	MCULE-7930313634
DB03512	MCULE-9788063146
DB03514	MCULE-4834642824
DB03519	MCULE-4690406880
DB03519	MCULE-5263067403
DB03528	MCULE-2748108750
DB03528	MCULE-4219451083
DB03528	MCULE-4739150481
DB03528	MCULE-5682876196
DB03528	MCULE-5882466362
DB03528	MCULE-6268373280
DB03528	MCULE-7071766082
DB03528	MCULE-7671875172
DB03528	MCULE-7821885333
DB03528	MCULE-9546992456
DB03540	MCULE-2467634489
DB03552	MCULE-1870924489
DB03553	MCULE-4286022994
DB03554	MCULE-9099154084
DB03560	MCULE-3788300475
DB03561	MCULE-3136361765
DB03563	MCULE-7442374993
DB03567	MCULE-3769808111
DB03568	MCULE-4116382006
DB03574	MCULE-3117305964
DB03577	MCULE-8189040394
DB03588	MCULE-3885159333
DB03588	MCULE-9688268540
DB03590	MCULE-5199298661
DB03590	MCULE-7900876168
DB03600	MCULE-3914949169
DB03601	MCULE-5306878717
DB03610	MCULE-3925033033
DB03619	MCULE-2553099876
DB03619	MCULE-3393759799
DB03635	MCULE-4408374633
DB03636	MCULE-1048848056
DB03636	MCULE-2174395809
DB03640	MCULE-9532787420
DB03644	MCULE-1178445402
DB03650	MCULE-3478433468
DB03651	MCULE-8917344355
DB03652	MCULE-7930313634
DB03659	MCULE-4233278050
DB03661	MCULE-3360025136
DB03669	MCULE-7177685997
DB03671	MCULE-5993142660
DB03673	MCULE-3785172886
DB03673	MCULE-8908733986
DB03674	MCULE-7569539735
DB03681	MCULE-7728164114
DB03694	MCULE-6207378439
DB03696	MCULE-6692951185
DB03700	MCULE-1563595722
DB03700	MCULE-9284411012
DB03700	MCULE-9531951265
DB03703	MCULE-8217921343
DB03709	MCULE-4763691774
DB03715	MCULE-1292711626
DB03719	MCULE-6160962792
DB03728	MCULE-2882010588
DB03733	MCULE-3493741440
DB03740	MCULE-3769808111
DB03741	MCULE-5615925204
DB03741	MCULE-6581991788
DB03750	MCULE-5805071360
DB03754	MCULE-7300085951
DB03765	MCULE-7837147222
DB03766	MCULE-2199051150
DB03773	MCULE-2639086971
DB03773	MCULE-2813685693
DB03773	MCULE-2970134024
DB03773	MCULE-3786615821
DB03773	MCULE-5232225691
DB03773	MCULE-5873973591
DB03773	MCULE-7773504154
DB03773	MCULE-8022241440
DB03773	MCULE-8713847175
DB03773	MCULE-9086198168
DB03775	MCULE-9561288488
DB03780	MCULE-8431522974
DB03783	MCULE-2069106916
DB03789	MCULE-6619799827
DB03790	MCULE-3558725435
DB03790	MCULE-8107053430
DB03792	MCULE-8766220931
DB03793	MCULE-4467353796
DB03796	MCULE-1361949901
DB03814	MCULE-2780053976
DB03815	MCULE-2198142963
DB03817	MCULE-1239764966
DB03817	MCULE-7713366571
DB03819	MCULE-1133383897
DB03825	MCULE-3872208936
DB03825	MCULE-8112735068
DB03825	MCULE-8855844149
DB03826	MCULE-2307916634
DB03826	MCULE-6597707044
DB03826	MCULE-8340517997
DB03839	MCULE-1694199256
DB03839	MCULE-2932088896
DB03839	MCULE-7719741497
DB03839	MCULE-8059108702
DB03840	MCULE-9788063146
DB03843	MCULE-1476806907
DB03854	MCULE-3785554987
DB03856	MCULE-9516392560
DB03867	MCULE-1500027319
DB03871	MCULE-8524562351
DB03882	MCULE-5056598626
DB03882	MCULE-6366002920
DB03884	MCULE-9935480822
DB03894	MCULE-8317750203
DB03894	MCULE-9216644373
DB03897	MCULE-6058509896
DB03900	MCULE-2451492095
DB03902	MCULE-6647815245
DB03904	MCULE-8513891094
DB03911	MCULE-2748557639
DB03911	MCULE-3308600336
DB03911	MCULE-3863845368
DB03911	MCULE-5117456353
DB03911	MCULE-5867688200
DB03911	MCULE-6170420366
DB03911	MCULE-9012637888
DB03911	MCULE-9608505112
DB03911	MCULE-9731791240
DB03924	MCULE-9729305855
DB03926	MCULE-5056598626
DB03926	MCULE-6366002920
DB03929	MCULE-6118038121
DB03929	MCULE-6460387318
DB03929	MCULE-8560981570
DB03940	MCULE-4442165428
DB03941	MCULE-1814167078
DB03943	MCULE-1395307434
DB03943	MCULE-1868046141
DB03943	MCULE-6923060287
DB03946	MCULE-8964889860
DB03989	MCULE-3577973754
DB03989	MCULE-3846926665
DB03989	MCULE-4260589665
DB03993	MCULE-7691755837
DB03994	MCULE-5175116598
DB04018	MCULE-1974434339
DB04026	MCULE-4087674114
DB04027	MCULE-1290049418
DB04027	MCULE-3125760737
DB04029	MCULE-2610261909
DB04029	MCULE-7119612436
DB04029	MCULE-9635114334
DB04031	MCULE-9788063146
DB04037	MCULE-3577947109
DB04038	MCULE-3600015331
DB04038	MCULE-4740481453
DB04046	MCULE-2996950876
DB04046	MCULE-9257991017
DB04048	MCULE-7947685696
DB04048	MCULE-9370944250
DB04051	MCULE-5972199258
DB04052	MCULE-1568356481
DB04056	MCULE-8970106555
DB04058	MCULE-1920028250
DB04058	MCULE-4234577728
DB04058	MCULE-4938301418
DB04058	MCULE-8566868807
DB04062	MCULE-2639086971
DB04062	MCULE-2813685693
DB04062	MCULE-2970134024
DB04062	MCULE-3786615821
DB04062	MCULE-5232225691
DB04062	MCULE-5873973591
DB04062	MCULE-7773504154
DB04062	MCULE-8022241440
DB04062	MCULE-8713847175
DB04062	MCULE-9086198168
DB04066	MCULE-2590309260
DB04066	MCULE-9551292063
DB04075	MCULE-4246221126
DB04075	MCULE-5623672193
DB04075	MCULE-6828522418
DB04075	MCULE-7234857249
DB04077	MCULE-6349111826
DB04080	MCULE-3483592840
DB04093	MCULE-2842613213
DB04094	MCULE-6328537335
DB04104	MCULE-5086156902
DB04110	MCULE-4558023540
DB04115	MCULE-4892227388
DB04115	MCULE-8261808830
DB04145	MCULE-4350730997
DB04156	MCULE-2361956978
DB04161	MCULE-3730796130
DB04166	MCULE-8970106555
DB04167	MCULE-1934887222
DB04168	MCULE-1325908642
DB04171	MCULE-4076270773
DB04171	MCULE-9925925283
DB04173	MCULE-2893373023
DB04177	MCULE-1542720935
DB04183	MCULE-7232226851
DB04185	MCULE-4690406880
DB04185	MCULE-5263067403
DB04193	MCULE-9642233758
DB04194	MCULE-5834022285
DB04208	MCULE-7250132283
DB04213	MCULE-7021945009
DB04214	MCULE-5038636902
DB04216	MCULE-2433372790
DB04219	MCULE-9788063146
DB04223	MCULE-1213701360
DB04224	MCULE-9547538729
DB04231	MCULE-9788063146
DB04242	MCULE-1367764897
DB04252	MCULE-1014975815
DB04252	MCULE-2523426634
DB04252	MCULE-5673284247
DB04267	MCULE-1484050836
DB04271	MCULE-6003338657
DB04272	MCULE-7981253226
DB04274	MCULE-2337043419
DB04275	MCULE-4114943625
DB04286	MCULE-2748557639
DB04286	MCULE-3308600336
DB04286	MCULE-3863845368
DB04286	MCULE-5117456353
DB04286	MCULE-5867688200
DB04286	MCULE-6170420366
DB04286	MCULE-9012637888
DB04286	MCULE-9608505112
DB04286	MCULE-9731791240
DB04291	MCULE-3619505381
DB04291	MCULE-3842441492
DB04291	MCULE-5835109660
DB04291	MCULE-7930915902
DB04296	MCULE-5139613224
DB04296	MCULE-8967685921
DB04299	MCULE-1113222985
DB04299	MCULE-3549142744
DB04299	MCULE-6787180735
DB04299	MCULE-9920754312
DB04308	MCULE-3619505381
DB04308	MCULE-3842441492
DB04308	MCULE-5835109660
DB04308	MCULE-7930915902
DB04311	MCULE-8668959909
DB04313	MCULE-7699599383
DB04319	MCULE-2639086971
DB04319	MCULE-2813685693
DB04319	MCULE-2970134024
DB04319	MCULE-3786615821
DB04319	MCULE-5232225691
DB04319	MCULE-5873973591
DB04319	MCULE-7773504154
DB04319	MCULE-8022241440
DB04319	MCULE-8713847175
DB04319	MCULE-9086198168
DB04325	MCULE-5305816256
DB04329	MCULE-5359867154
DB04331	MCULE-3421018410
DB04331	MCULE-4249145995
DB04331	MCULE-4594335775
DB04335	MCULE-1046895325
DB04335	MCULE-3095132846
DB04335	MCULE-3744522615
DB04335	MCULE-4519365905
DB04335	MCULE-4906567992
DB04335	MCULE-7128760083
DB04335	MCULE-7209932666
DB04335	MCULE-7511423611
DB04335	MCULE-8111945532
DB04335	MCULE-8723742579
DB04343	MCULE-5307898766
DB04345	MCULE-5847165177
DB04349	MCULE-4464598400
DB04349	MCULE-5574440784
DB04349	MCULE-6582852191
DB04351	MCULE-2952775308
DB04351	MCULE-4820808264
DB04360	MCULE-8106394039
DB04377	MCULE-9846508304
DB04380	MCULE-5327019203
DB04381	MCULE-2497362981
DB04381	MCULE-9924705308
DB04385	MCULE-9299015048
DB04394	MCULE-6956243223
DB04397	MCULE-9788063146
DB04398	MCULE-5387110670
DB04398	MCULE-8864689875
DB04410	MCULE-1006208888
DB04417	MCULE-5860903209
DB04419	MCULE-3687527484
DB04419	MCULE-4930484202
DB04419	MCULE-7427914532
DB04422	MCULE-2655382580
DB04422	MCULE-4021115723
DB04422	MCULE-8057550187
DB04426	MCULE-4632200776
DB04428	MCULE-9788063146
DB04441	MCULE-2497721739
DB04444	MCULE-2361956978
DB04444	MCULE-9699231474
DB04445	MCULE-6152801555
DB04452	MCULE-8301818484
DB04454	MCULE-2132009026
DB04454	MCULE-3597025691
DB04454	MCULE-9662763952
DB04455	MCULE-8745470661
DB04464	MCULE-1321874627
DB04465	MCULE-2333127533
DB04465	MCULE-5999084403
DB04469	MCULE-4862785751
DB04473	MCULE-2639086971
DB04473	MCULE-2813685693
DB04473	MCULE-2970134024
DB04473	MCULE-3786615821
DB04473	MCULE-5232225691
DB04473	MCULE-5873973591
DB04473	MCULE-7773504154
DB04473	MCULE-8022241440
DB04473	MCULE-8713847175
DB04473	MCULE-9086198168
DB04474	MCULE-5203091991
DB04481	MCULE-9009953851
DB04484	MCULE-2871230838
DB04484	MCULE-5041919913
DB04485	MCULE-1182948789
DB04485	MCULE-2001787486
DB04485	MCULE-2349746311
DB04485	MCULE-3214041035
DB04485	MCULE-3606109379
DB04485	MCULE-5223356651
DB04485	MCULE-6384296929
DB04485	MCULE-7222676614
DB04485	MCULE-7680226016
DB04494	MCULE-9788063146
DB04499	MCULE-4265681704
DB04499	MCULE-6101076761
DB04499	MCULE-9798535259
DB04500	MCULE-9560339064
DB04511	MCULE-6644999819
DB04519	MCULE-5193957469
DB04528	MCULE-6678680789
DB04531	MCULE-3555968169
DB04531	MCULE-5041324075
DB04531	MCULE-8245870814
DB04533	MCULE-2502307131
DB04538	MCULE-7699599383
DB04539	MCULE-3308266821
DB04540	MCULE-5784478301
DB04540	MCULE-6413140986
DB04541	MCULE-2043730253
DB04541	MCULE-2985739151
DB04550	MCULE-8524562351
DB04552	MCULE-3027710274
DB04552	MCULE-7341376445
DB04562	MCULE-6198986604
DB04564	MCULE-7110178584
DB04564	MCULE-8968794764
DB04564	MCULE-9821020615
DB04566	MCULE-2357185908
DB04566	MCULE-7956034964
DB04569	MCULE-1298671349
DB04571	MCULE-5301264270
DB04573	MCULE-3406586138
DB04577	MCULE-2207635152
DB04577	MCULE-9776772475
DB04580	MCULE-8485036701
DB04581	MCULE-3938651517
DB04582	MCULE-5064495052
DB04582	MCULE-6563137816
DB04582	MCULE-9104703192
DB04586	MCULE-5590917057
DB04605	MCULE-3485758539
DB04619	MCULE-4710225344
DB04620	MCULE-6366286422
DB04626	MCULE-4694175745
DB04626	MCULE-5379346482
DB04626	MCULE-6899075946
DB04634	MCULE-4866607549
DB04640	MCULE-4511232574
DB04641	MCULE-9133006477
DB04650	MCULE-6549466078
DB04650	MCULE-7440963355
DB04652	MCULE-1874567277
DB04652	MCULE-8869963478
DB04657	MCULE-1167484479
DB04665	MCULE-5433669098
DB04674	MCULE-7740906422
DB04676	MCULE-7908805530
DB04687	MCULE-4364393076
DB04687	MCULE-6018886140
DB04690	MCULE-1654983682
DB04690	MCULE-8069978843
DB04699	MCULE-6795890265
DB04737	MCULE-2142906854
DB04737	MCULE-6925336902
DB04737	MCULE-8555353642
DB04745	MCULE-5331233860
DB04777	MCULE-1280496854
DB04781	MCULE-6745263267
DB04781	MCULE-8816195933
DB04782	MCULE-1280496854
DB04784	MCULE-1985443213
DB04794	MCULE-1275076931
DB04794	MCULE-3658454490
DB04795	MCULE-7481288995
DB04813	MCULE-6591279983
DB04815	MCULE-5389218452
DB04816	MCULE-5800615690
DB04817	MCULE-3833394421
DB04819	MCULE-1095862734
DB04819	MCULE-7728164114
DB04819	MCULE-7834983827
DB04820	MCULE-7326088210
DB04822	MCULE-3443472025
DB04822	MCULE-4447928048
DB04823	MCULE-1522212653
DB04824	MCULE-5232154932
DB04827	MCULE-1776877276
DB04830	MCULE-5413481004
DB04834	MCULE-6124492894
DB04836	MCULE-7728164114
DB04840	MCULE-1553857299
DB04840	MCULE-2228202832
DB04840	MCULE-5690211747
DB04841	MCULE-1001711150
DB04841	MCULE-1376135967
DB04844	MCULE-1165382531
DB04844	MCULE-2700319425
DB04844	MCULE-5822627411
DB04844	MCULE-6472043806
DB04844	MCULE-8117239024
DB04851	MCULE-7981253226
DB04855	MCULE-2160502046
DB04855	MCULE-5052395136
DB04874	MCULE-3857746542
DB04874	MCULE-5646000632
DB04874	MCULE-7728164114
DB04878	MCULE-7006460094
DB04879	MCULE-1855542614
DB04879	MCULE-3078477385
DB04910	MCULE-8346438764
DB04930	MCULE-1256227237
DB04933	MCULE-3833394421
DB04936	MCULE-6354527658
DB04972	MCULE-7728164114
DB04996	MCULE-5646000632
DB04996	MCULE-7654331405
DB04996	MCULE-7728164114
DB04996	MCULE-8295936189
DB05137	MCULE-9162664366
DB05143	MCULE-3833394421
DB05229	MCULE-3833394421
DB05260	MCULE-5142506228
DB05262	MCULE-9305301152
DB05288	MCULE-4935129848
DB05289	MCULE-3439710050
DB05289	MCULE-4306860727
DB05289	MCULE-8891184661
DB05291	MCULE-9294700940
DB05294	MCULE-4705827953
DB05296	MCULE-8295936189
DB05302	MCULE-4222870229
DB05302	MCULE-7032963403
DB05302	MCULE-7728164114
DB05302	MCULE-8888771893
DB05316	MCULE-1568229930
DB05316	MCULE-3643444072
DB05316	MCULE-3867000095
DB05316	MCULE-4223142955
DB05316	MCULE-5996388251
DB05318	MCULE-1919088454
DB05339	MCULE-7728164114
DB05340	MCULE-3833394421
DB05347	MCULE-2703274259
DB05381	MCULE-2213201369
DB05381	MCULE-4970362785
DB05381	MCULE-7728164114
DB05382	MCULE-3297948557
DB05383	MCULE-7728164114
DB05383	MCULE-8251830457
DB05384	MCULE-9352227082
DB05389	MCULE-9788063146
DB05416	MCULE-2408708268
DB05428	MCULE-4909487075
DB05428	MCULE-8295936189
DB05436	MCULE-8740981134
DB05461	MCULE-7728164114
DB05461	MCULE-9788063146
DB05478	MCULE-6572487779
DB05482	MCULE-4181372030
DB05488	MCULE-8631780654
DB05492	MCULE-1505399447
DB05492	MCULE-6865123968
DB05494	MCULE-1440805673
DB05494	MCULE-3044641322
DB05494	MCULE-3945147956
DB05508	MCULE-4222870229
DB05508	MCULE-7032963403
DB05508	MCULE-7728164114
DB05508	MCULE-8888771893
DB05630	MCULE-2330830088
DB05630	MCULE-3833394421
DB05630	MCULE-9788063146
DB05708	MCULE-3464837698
DB05708	MCULE-7728164114
DB05738	MCULE-7728164114
DB05790	MCULE-7728164114
DB05792	MCULE-7728164114
DB05837	MCULE-7728164114
DB05869	MCULE-5817261721
DB05891	MCULE-2213201369
DB05891	MCULE-4970362785
DB05891	MCULE-7728164114
DB06147	MCULE-1370710137
DB06150	MCULE-5924558211
DB06151	MCULE-8740981134
DB06155	MCULE-7311256045
DB06155	MCULE-7626249184
DB06201	MCULE-6872329028
DB06209	MCULE-1302242257
DB06212	MCULE-3855692287
DB06216	MCULE-1113222985
DB06216	MCULE-3549142744
DB06216	MCULE-6787180735
DB06216	MCULE-9920754312
DB06218	MCULE-8848296606
DB06262	MCULE-2196760309
DB06288	MCULE-4239265090
DB06292	MCULE-4464598400
DB06292	MCULE-5574440784
DB06292	MCULE-6582852191
DB06292	MCULE-9788063146
DB06402	MCULE-7728164114
DB06594	MCULE-3838308303
DB06637	MCULE-6604546217
DB06689	MCULE-5175116598
DB06689	MCULE-9547538729
DB06694	MCULE-9501725536
DB06697	MCULE-9916057476
DB06698	MCULE-3539516594
DB06698	MCULE-5013046031
DB06698	MCULE-5803060936
DB06703	MCULE-4909487075
DB06705	MCULE-3833394421
DB06705	MCULE-4909487075
DB06705	MCULE-9788063146
DB06707	MCULE-5922830186
DB06708	MCULE-2287941291
DB06710	MCULE-1065645853
DB06710	MCULE-3946245376
DB06710	MCULE-5274452426
DB06711	MCULE-8346078401
DB06711	MCULE-9097339235
DB06715	MCULE-5932450224
DB06715	MCULE-6152801555
DB06718	MCULE-6473940948
DB06723	MCULE-9699231474
DB06723	MCULE-9788063146
DB06728	MCULE-9347486445
DB06729	MCULE-5658431414
DB06730	MCULE-3835812075
DB06743	MCULE-3664231496
DB06744	MCULE-9606560699
DB06768	MCULE-5387110670
DB06768	MCULE-5646000632
DB06768	MCULE-8864689875
DB06770	MCULE-6011707909
DB06775	MCULE-2227048424
DB06775	MCULE-3205173370
DB06777	MCULE-3421183878
DB06777	MCULE-4374611501
DB06795	MCULE-1669556404
DB06795	MCULE-3873724782
DB06803	MCULE-9985514311
DB06817	MCULE-4916399246
DB06827	MCULE-1041845868
DB06827	MCULE-1343955929
DB06827	MCULE-1506415764
DB06827	MCULE-1553158808
DB06827	MCULE-3431654503
DB06827	MCULE-6276569093
DB06827	MCULE-7906423839
DB06827	MCULE-8202618652
DB06827	MCULE-9405401349
DB06838	MCULE-1626074104
DB06838	MCULE-3332878876
DB06838	MCULE-4108104134
DB06838	MCULE-5580078035
DB06851	MCULE-7763171739
DB06877	MCULE-4993771076
DB06889	MCULE-1483918278
DB06890	MCULE-4790780711
DB06890	MCULE-4816293514
DB06890	MCULE-9945068889
DB06894	MCULE-9381688904
DB06902	MCULE-5968866162
DB06906	MCULE-2436828005
DB06917	MCULE-1391167832
DB06950	MCULE-4014190611
DB06970	MCULE-7266657906
DB06973	MCULE-1016303245
DB06978	MCULE-9057824067
DB06987	MCULE-3302522046
DB06987	MCULE-4852016526
DB06987	MCULE-9148694071
DB07014	MCULE-8267159318
DB07034	MCULE-5789358307
DB07037	MCULE-5010001423
DB07044	MCULE-3659686679
DB07055	MCULE-8269141485
DB07057	MCULE-9874990231
DB07060	MCULE-9202778593
DB07069	MCULE-6063024683
DB07073	MCULE-9957867173
DB07084	MCULE-1386792572
DB07086	MCULE-4480418939
DB07086	MCULE-5747194254
DB07090	MCULE-6873278836
DB07096	MCULE-5608953652
DB07108	MCULE-2876558511
DB07109	MCULE-4571364221
DB07110	MCULE-5721091956
DB07114	MCULE-3747129793
DB07115	MCULE-5675673653
DB07118	MCULE-3913656430
DB07123	MCULE-3623165331
DB07129	MCULE-1930292316
DB07129	MCULE-4507699259
DB07176	MCULE-2813385047
DB07185	MCULE-5355780210
DB07188	MCULE-2481271509
DB07188	MCULE-6381648201
DB07188	MCULE-8509082945
DB07192	MCULE-1337529515
DB07195	MCULE-1899341950
DB07217	MCULE-3798220430
DB07222	MCULE-3115642653
DB07222	MCULE-4052141511
DB07222	MCULE-9494650031
DB07291	MCULE-6824406288
DB07292	MCULE-3292556122
DB07301	MCULE-7610805198
DB07305	MCULE-6797664306
DB07309	MCULE-4831129771
DB07313	MCULE-6409447208
DB07331	MCULE-2593918770
DB07348	MCULE-1898871437
DB07352	MCULE-6141069907
DB07372	MCULE-4141881437
DB07373	MCULE-2836304314
DB07373	MCULE-9344488087
DB07376	MCULE-2606823477
DB07381	MCULE-3431472795
DB07381	MCULE-8977170962
DB07384	MCULE-9909402121
DB07387	MCULE-7660786035
DB07392	MCULE-1965771911
DB07398	MCULE-5191782687
DB07407	MCULE-2631078451
DB07408	MCULE-5961336715
DB07424	MCULE-5932450224
DB07429	MCULE-4076168976
DB07440	MCULE-2120234795
DB07440	MCULE-2312374220
DB07445	MCULE-2523358382
DB07445	MCULE-9507429712
DB07447	MCULE-4205911962
DB07447	MCULE-5987413622
DB07453	MCULE-2177643320
DB07453	MCULE-2454889877
DB07459	MCULE-5005773275
DB07467	MCULE-1549472772
DB07477	MCULE-4188902854
DB07478	MCULE-7836316675
DB07485	MCULE-1277868989
DB07488	MCULE-9557431973
DB07489	MCULE-4577300023
DB07496	MCULE-4684667909
DB07496	MCULE-6391896294
DB07506	MCULE-2903742079
DB07506	MCULE-5007075982
DB07506	MCULE-5379915894
DB07506	MCULE-9882574781
DB07529	MCULE-9181833373
DB07531	MCULE-6376097718
DB07534	MCULE-6677396301
DB07539	MCULE-5735968896
DB07539	MCULE-7386205946
DB07560	MCULE-4289689533
DB07572	MCULE-3380895811
DB07573	MCULE-1100194395
DB07573	MCULE-8711627008
DB07591	MCULE-6953365668
DB07594	MCULE-7649266419
DB07614	MCULE-9091986717
DB07616	MCULE-3145134821
DB07623	MCULE-7185636325
DB07634	MCULE-5038695383
DB07635	MCULE-2438326501
DB07637	MCULE-5166640674
DB07641	MCULE-7993897252
DB07645	MCULE-3460494679
DB07653	MCULE-9828982030
DB07661	MCULE-2061973998
DB07667	MCULE-9305333646
DB07673	MCULE-7326511541
DB07690	MCULE-2553099876
DB07690	MCULE-3393759799
DB07697	MCULE-6274905193
DB07702	MCULE-3406586138
DB07715	MCULE-1083063386
DB07718	MCULE-7014208403
DB07723	MCULE-1797370196
DB07726	MCULE-3339750019
DB07729	MCULE-1227090930
DB07758	MCULE-1836935938
DB07759	MCULE-2785888780
DB07767	MCULE-6127598109
DB07767	MCULE-8442047802
DB07768	MCULE-1294118086
DB07768	MCULE-3333652397
DB07776	MCULE-3856134714
DB07795	MCULE-8216354240
DB07802	MCULE-9676326511
DB07803	MCULE-4786808772
DB07805	MCULE-2001716112
DB07808	MCULE-1013335579
DB07810	MCULE-3672992389
DB07814	MCULE-2277162868
DB07814	MCULE-9169992682
DB07823	MCULE-1650279957
DB07823	MCULE-2988077784
DB07823	MCULE-4972872213
DB07823	MCULE-5632296213
DB07823	MCULE-5749973826
DB07823	MCULE-6915315503
DB07823	MCULE-8556673323
DB07823	MCULE-8842190769
DB07823	MCULE-9817784436
DB07824	MCULE-6691975626
DB07825	MCULE-4292907514
DB07838	MCULE-1519488215
DB07852	MCULE-8467184578
DB07863	MCULE-8174475490
DB07865	MCULE-5318928433
DB07880	MCULE-9523486159
DB07886	MCULE-4822409054
DB07886	MCULE-8953627920
DB07891	MCULE-6878019827
DB07907	MCULE-1679305682
DB07919	MCULE-9544425288
DB07931	MCULE-9115114862
DB07931	MCULE-9758275547
DB07950	MCULE-7228643156
DB07950	MCULE-9266736782
DB07951	MCULE-8181487740
DB07952	MCULE-7715360013
DB07953	MCULE-3007021982
DB07953	MCULE-3715627659
DB07953	MCULE-5973951523
DB07954	MCULE-3854999514
DB07971	MCULE-2632335033
DB07980	MCULE-7224198077
DB08032	MCULE-6007355749
DB08034	MCULE-1032591069
DB08034	MCULE-8837257204
DB08046	MCULE-3653099088
DB08046	MCULE-5033624674
DB08046	MCULE-6661021422
DB08049	MCULE-8639896630
DB08061	MCULE-8931017804
DB08062	MCULE-1826436160
DB08069	MCULE-9146377764
DB08076	MCULE-8354129782
DB08104	MCULE-3023048214
DB08114	MCULE-5256194123
DB08114	MCULE-9603524694
DB08129	MCULE-1399126041
DB08129	MCULE-2434764629
DB08135	MCULE-7079696193
DB08155	MCULE-9645142489
DB08156	MCULE-9111713187
DB08162	MCULE-1374831127
DB08165	MCULE-2518558267
DB08167	MCULE-6490213141
DB08167	MCULE-7744087830
DB08168	MCULE-1617391219
DB08171	MCULE-9528951895
DB08177	MCULE-4107298148
DB08186	MCULE-1922733032
DB08186	MCULE-8021518100
DB08193	MCULE-1620041803
DB08202	MCULE-7043033407
DB08209	MCULE-1428966837
DB08209	MCULE-9786030104
DB08215	MCULE-7277402178
DB08228	MCULE-6770591553
DB08230	MCULE-5962995471
DB08231	MCULE-9671122893
DB08235	MCULE-3743365404
DB08236	MCULE-5512776233
DB08236	MCULE-9307066062
DB08236	MCULE-9421572056
DB08238	MCULE-5753014053
DB08254	MCULE-6230732789
DB08256	MCULE-8014113453
DB08257	MCULE-1918218076
DB08258	MCULE-4614457618
DB08276	MCULE-2361956978
DB08286	MCULE-2007375815
DB08291	MCULE-7383682629
DB08291	MCULE-8725277218
DB08294	MCULE-8905134401
DB08298	MCULE-2427044065
DB08298	MCULE-6293512671
DB08298	MCULE-8718466451
DB08313	MCULE-3133043736
DB08316	MCULE-4260140185
DB08356	MCULE-4310723477
DB08359	MCULE-4915208074
DB08363	MCULE-1841863738
DB08381	MCULE-8033936622
DB08383	MCULE-1343003388
DB08392	MCULE-9789281340
DB08393	MCULE-8789421392
DB08421	MCULE-7539811243
DB08433	MCULE-3028772953
DB08468	MCULE-2894256306
DB08478	MCULE-1846003734
DB08479	MCULE-2445277261
DB08481	MCULE-8834066664
DB08508	MCULE-7433058130
DB08530	MCULE-5200782699
DB08534	MCULE-3806903379
DB08547	MCULE-2994624081
DB08567	MCULE-1681469163
DB08567	MCULE-2823496048
DB08567	MCULE-4360779618
DB08567	MCULE-4657412776
DB08567	MCULE-5029290493
DB08567	MCULE-8177480737
DB08578	MCULE-8367489607
DB08587	MCULE-6112659813
DB08597	MCULE-1245787291
DB08597	MCULE-9260462246
DB08599	MCULE-4663799815
DB08599	MCULE-9495972509
DB08604	MCULE-2614621397
DB08619	MCULE-8304268118
DB08652	MCULE-8683047927
DB08653	MCULE-2705006421
DB08653	MCULE-6402431765
DB08660	MCULE-6434498680
DB08688	MCULE-6858373499
DB08695	MCULE-7220840216
DB08701	MCULE-8170654377
DB08709	MCULE-1809154494
DB08711	MCULE-6589732445
DB08748	MCULE-2235235718
DB08748	MCULE-3802777070
DB08757	MCULE-4717492978
DB08764	MCULE-4705827953
DB08767	MCULE-2396420706
DB08768	MCULE-6781114249
DB08776	MCULE-1186119423
DB08777	MCULE-6377092041
DB08778	MCULE-8818352033
DB08780	MCULE-3709523641
DB08782	MCULE-3131833583
DB08782	MCULE-4704040096
DB08784	MCULE-5232016425
DB08787	MCULE-7894289750
DB08788	MCULE-1070038344
DB08788	MCULE-5560933966
DB08790	MCULE-7197599645
DB08797	MCULE-5482995635
DB08800	MCULE-5568455528
DB08805	MCULE-4285442691
DB08809	MCULE-1246638159
DB08826	MCULE-6406005067
DB08828	MCULE-6680076172
DB08836	MCULE-7728164114
DB08838	MCULE-1546201217
DB08838	MCULE-1741616711
DB08844	MCULE-3320087210
DB08846	MCULE-2894256306
DB08847	MCULE-3129945874
DB08847	MCULE-5972935636
DB08847	MCULE-6465399562
DB08847	MCULE-8358409700
DB08847	MCULE-8797295826
DB08848	MCULE-7878143035
DB08848	MCULE-9382105537
DB08866	MCULE-2633245326
DB08866	MCULE-6732064308
DB08881	MCULE-7244406627
DB08884	MCULE-3833394421
DB08884	MCULE-4909487075
DB08913	MCULE-7728164114
DB08936	MCULE-3598783218
DB08936	MCULE-4720374498
DB08938	MCULE-9788063146
DB08944	MCULE-7981253226
DB08958	MCULE-8471986715
DB08959	MCULE-9115114862
DB08959	MCULE-9758275547
DB08967	MCULE-6572487779
DB08978	MCULE-6124492894
DB08981	MCULE-7151650091
DB08985	MCULE-2253455268
DB08985	MCULE-7723795613
DB08986	MCULE-7728164114
DB08989	MCULE-4849532738
DB08990	MCULE-7728164114
DB08995	MCULE-3131534165
DB08995	MCULE-6096209142
DB08995	MCULE-7470582588
DB09002	MCULE-6372631680
DB09002	MCULE-6526705979
DB09009	MCULE-1215719824
DB09009	MCULE-6268951673
DB09015	MCULE-5932450224
DB09019	MCULE-1869883185
DB09019	MCULE-9140626069
DB09020	MCULE-8607347748
DB09022	MCULE-6007979832
DB09023	MCULE-2668849266
DB09023	MCULE-7558186631
DB09028	MCULE-3213872611
DB09028	MCULE-8680446527
DB09028	MCULE-9751273485
