drugbank_id	pubchem_cid
DB00014	5311128
DB00035	16051933
DB00050	25074887
DB00091	5280754
DB00093	14257662
DB00104	6400441
DB00114	1051
DB00117	6274
DB00118	34756
DB00119	1060
DB00120	6140
DB00121	171548
DB00122	305
DB00123	5962
DB00125	6322
DB00126	54670067
DB00127	1103
DB00128	5960
DB00129	6262
DB00130	5961
DB00131	6083
DB00132	5280934
DB00133	5951
DB00134	6137
DB00135	6057
DB00136	5280453
DB00137	5368396
DB00138	67678
DB00139	1110
DB00140	493570
DB00141	1738118
DB00142	33032
DB00143	124886
DB00144	6323481
DB00145	750
DB00146	5283731
DB00147	1050
DB00148	586
DB00149	6106
DB00150	6305
DB00151	5862
DB00152	1130
DB00153	5280793
DB00154	5280581
DB00155	9750
DB00156	69435
DB00157	439153
DB00158	6037
DB00159	446284
DB00160	5950
DB00161	6287
DB00162	445354
DB00163	14985
DB00165	1054
DB00166	864
DB00167	6306
DB00168	134601
DB00169	5280795
DB00170	4055
DB00171	14308007
DB00172	145742
DB00173	190
DB00174	6267
DB00175	54687
DB00176	5361192
DB00177	60846
DB00178	5362129
DB00179	71398
DB00180	82153
DB00181	2284
DB00182	3007
DB00183	444007
DB00184	942
DB00185	25137844
DB00186	3958
DB00187	59768
DB00188	387447
DB00189	5281077
DB00190	38101
DB00191	4771
DB00192	52195
DB00193	33741
DB00194	21704
DB00195	2369
DB00196	3365
DB00197	5591
DB00198	65028
DB00199	12560
DB00201	2519
DB00202	5314
DB00203	5212
DB00204	71329
DB00205	4993
DB00206	5770
DB00207	447043
DB00208	5472
DB00209	5596
DB00210	60164
DB00211	4195
DB00212	5462340
DB00213	4679
DB00214	41781
DB00215	2771
DB00216	77993
DB00217	2368
DB00218	152946
DB00219	5749
DB00220	64143
DB00221	3762
DB00222	3476
DB00223	71415
DB00224	5362440
DB00226	38521
DB00227	53232
DB00228	3226
DB00229	43708
DB00230	5486971
DB00231	5391
DB00232	4121
DB00233	4649
DB00234	65856
DB00235	4197
DB00236	4842
DB00237	2479
DB00238	4463
DB00239	5353853
DB00240	5311000
DB00241	2481
DB00242	20279
DB00243	56959
DB00244	4075
DB00245	1201549
DB00246	60854
DB00247	6540428
DB00248	54746
DB00249	5905
DB00250	2955
DB00251	441383
DB00252	1775
DB00253	247839
DB00254	54671203
DB00255	448537
DB00256	54707177
DB00257	2812
DB00258	6116
DB00259	5333
DB00260	6234
DB00261	2182
DB00262	2578
DB00263	5344
DB00264	4171
DB00265	688020
DB00266	54676038
DB00267	5361486
DB00268	5095
DB00269	11289
DB00270	3784
DB00271	2140
DB00272	7741
DB00273	5284627
DB00274	42008
DB00275	158781
DB00276	2179
DB00277	2153
DB00278	152951
DB00279	5920
DB00280	3114
DB00281	3676
DB00282	4674
DB00283	26987
DB00284	441184
DB00285	5656
DB00286	23667301
DB00287	5282226
DB00288	443958
DB00289	54841
DB00290	5360373
DB00291	2708
DB00292	667484
DB00293	104758
DB00294	6917715
DB00295	5288826
DB00296	175805
DB00297	2474
DB00298	3033538
DB00299	4725
DB00300	464205
DB00301	21319
DB00302	5526
DB00303	150610
DB00304	40973
DB00305	5746
DB00306	8275
DB00307	82146
DB00308	60753
DB00309	40839
DB00310	2732
DB00311	3295
DB00312	4737
DB00313	3121
DB00314	3000502
DB00315	60857
DB00316	1983
DB00317	123631
DB00318	5284371
DB00319	43672
DB00320	10531
DB00321	2160
DB00322	5790
DB00323	4659569
DB00324	9878
DB00326	62859
DB00327	5284570
DB00328	3715
DB00330	14052
DB00331	4091
DB00332	657308
DB00333	4095
DB00334	4585
DB00335	2249
DB00336	5353356
DB00337	17753757
DB00338	4594
DB00339	1046
DB00340	4167
DB00341	2678
DB00342	5405
DB00343	39186
DB00344	4976
DB00345	2148
DB00346	2092
DB00347	5576
DB00348	115355
DB00349	2789
DB00350	4201
DB00351	200136
DB00352	2723601
DB00353	8226
DB00354	6729
DB00355	5459211
DB00356	2733
DB00357	2145
DB00358	4046
DB00359	5215
DB00360	1125
DB00361	44424639
DB00362	166548
DB00363	2818
DB00365	72474
DB00366	3162
DB00367	13109
DB00368	439260
DB00369	60613
DB00370	4205
DB00371	4064
DB00372	5440
DB00373	5478
DB00374	6918140
DB00375	62816
DB00376	5572
DB00377	148211
DB00378	9051
DB00379	4178
DB00380	71384
DB00381	2162
DB00382	1935
DB00383	4642
DB00384	5546
DB00385	41744
DB00387	4919
DB00388	6041
DB00389	31072
DB00390	2724385
DB00391	5355
DB00392	3290
DB00393	4497
DB00394	21700
DB00395	2576
DB00396	5994
DB00397	26934
DB00398	216239
DB00399	68740
DB00400	441140
DB00401	4499
DB00402	969472
DB00403	16129675
DB00404	2118
DB00405	16960
DB00406	3468
DB00407	772
DB00408	3964
DB00409	54477
DB00410	446596
DB00411	53627818
DB00412	77999
DB00413	119570
DB00414	1989
DB00415	6249
DB00416	24244
DB00417	6869
DB00418	5193
DB00419	51634
DB00420	4926
DB00421	5833
DB00422	4158
DB00423	4107
DB00424	154417
DB00425	5732
DB00426	3324
DB00427	5282443
DB00428	29327
DB00430	636405
DB00431	727
DB00432	6256
DB00433	4917
DB00434	2913
DB00435	145068
DB00436	2315
DB00437	2094
DB00439	446156
DB00440	5578
DB00441	60750
DB00442	153941
DB00443	9782
DB00444	34698
DB00445	41867
DB00446	5959
DB00447	5284585
DB00448	3883
DB00449	3105
DB00450	3168
DB00451	5819
DB00452	8378
DB00453	54680675
DB00454	4058
DB00455	3957
DB00456	6024
DB00457	4893
DB00458	3696
DB00459	5284513
DB00460	5362420
DB00461	4409
DB00462	23724781
DB00463	4099
DB00464	5248
DB00465	3826
DB00466	31304
DB00467	3229
DB00468	3034034
DB00469	54677971
DB00470	16078
DB00471	5281040
DB00472	3386
DB00473	10770
DB00474	9034
DB00475	2712
DB00476	60835
DB00477	2726
DB00478	5071
DB00479	37768
DB00480	216326
DB00481	5035
DB00482	2662
DB00483	6172
DB00484	2435
DB00485	18381
DB00486	5284592
DB00487	51081
DB00488	2123
DB00489	5253
DB00490	2477
DB00491	441314
DB00492	55891
DB00493	5479527
DB00494	5281081
DB00495	35370
DB00496	444031
DB00497	5284603
DB00498	4760
DB00499	3397
DB00500	5509
DB00501	2756
DB00502	3559
DB00503	392622
DB00504	5359371
DB00505	20299
DB00507	41684
DB00508	5568
DB00509	8730
DB00511	5284512
DB00512	14969
DB00513	564
DB00514	5360696
DB00515	86820626
DB00517	21867154
DB00518	2082
DB00519	5484727
DB00520	2826718
DB00521	2583
DB00522	6957673
DB00523	449171
DB00524	4170
DB00525	5510
DB00526	11947679
DB00527	3025
DB00528	65866
DB00529	3415
DB00530	176870
DB00531	2907
DB00532	4060
DB00533	5090
DB00535	6399253
DB00536	3520
DB00537	2764
DB00539	3005573
DB00540	4543
DB00541	5978
DB00542	5362124
DB00543	2170
DB00544	3385
DB00545	4991
DB00546	37632
DB00547	5311067
DB00548	2266
DB00549	5717
DB00550	657298
DB00551	1990
DB00552	439693
DB00553	4114
DB00554	54676228
DB00555	3878
DB00556	6432
DB00557	3658
DB00558	60855
DB00559	104865
DB00560	54686904
DB00561	3156
DB00562	2343
DB00563	126941
DB00564	2554
DB00565	62886
DB00566	9354
DB00567	27447
DB00568	1547484
DB00570	241903
DB00571	4946
DB00572	174174
DB00573	3342
DB00574	3337
DB00575	2803
DB00576	5328
DB00577	60773
DB00578	20824
DB00579	4020
DB00580	119607
DB00581	11333
DB00582	71616
DB00583	10917
DB00584	5388962
DB00585	3033637
DB00586	3033
DB00587	6436135
DB00588	444036
DB00589	28864
DB00590	3157
DB00591	6215
DB00592	4837
DB00593	3291
DB00594	16231
DB00595	54675779
DB00596	48175
DB00597	60714
DB00598	3869
DB00599	3000715
DB00600	7638
DB00601	441401
DB00602	46936176
DB00603	6279
DB00604	6917698
DB00605	1548887
DB00606	2910
DB00607	8982
DB00608	2719
DB00609	2761171
DB00610	5906
DB00611	5361092
DB00612	2405
DB00613	2165
DB00614	5353636
DB00615	6323490
DB00616	5362417
DB00617	8280
DB00618	54680690
DB00619	5291
DB00620	31307
DB00621	5878
DB00622	4474
DB00623	3372
DB00624	6013
DB00625	64139
DB00626	10909430
DB00627	938
DB00628	2809
DB00629	5353646
DB00630	2088
DB00631	119182
DB00632	12620
DB00633	5311068
DB00634	5320
DB00635	5865
DB00636	2796
DB00637	2247
DB00638	24763
DB00639	47472
DB00640	60961
DB00641	54454
DB00642	60843
DB00643	4030
DB00644	36523
DB00645	3180
DB00646	11953884
DB00647	200742
DB00648	4211
DB00649	18283
DB00650	149436
DB00651	3182
DB00652	441278
DB00653	24083
DB00654	5311221
DB00655	5870
DB00656	5533
DB00657	4032
DB00658	3085017
DB00659	71158
DB00660	15459
DB00661	2520
DB00662	5577
DB00663	443980
DB00664	9047
DB00665	4493
DB00666	25077649
DB00667	65513
DB00668	5816
DB00669	5358
DB00670	4848
DB00671	6321411
DB00672	2727
DB00673	6918365
DB00674	9651
DB00675	2733526
DB00676	2345
DB00677	5936
DB00678	3961
DB00679	5452
DB00680	34633
DB00681	5280965
DB00682	54678486
DB00683	4192
DB00684	36294
DB00685	62959
DB00686	37720
DB00687	31378
DB00688	5281078
DB00689	19150
DB00690	3393
DB00691	91270
DB00692	5775
DB00693	16850
DB00694	30323
DB00695	3440
DB00696	8223
DB00697	5487
DB00698	6604200
DB00699	34040
DB00700	443872
DB00701	65016
DB00703	4100
DB00704	5360515
DB00705	5625
DB00706	129211
DB00708	41693
DB00709	60825
DB00710	60852
DB00711	3052
DB00712	3394
DB00713	6196
DB00714	6005
DB00715	43815
DB00716	50294
DB00717	6230
DB00718	60871
DB00719	19861
DB00720	25419
DB00721	4914
DB00722	5362119
DB00723	6082
DB00724	57469
DB00725	6646
DB00726	5584
DB00727	4510
DB00728	441290
DB00729	6126
DB00730	5430
DB00731	5311309
DB00732	47319
DB00733	6789253
DB00734	5073
DB00735	47641
DB00736	9568614
DB00737	4034
DB00738	4735
DB00739	443387
DB00740	5070
DB00741	5754
DB00742	6251
DB00744	60490
DB00745	4236
DB00746	2973
DB00747	3000322
DB00748	2564
DB00749	3308
DB00750	4906
DB00751	3241
DB00752	441233
DB00753	3763
DB00754	3292
DB00755	444795
DB00756	3598
DB00757	60654
DB00758	60606
DB00759	54675776
DB00760	441130
DB00761	4873
DB00762	60838
DB00763	1349907
DB00764	441335
DB00765	441350
DB00766	5280980
DB00767	2342
DB00768	5281071
DB00769	84088
DB00770	5280723
DB00771	2784
DB00772	4004
DB00773	36462
DB00774	3647
DB00775	60947
DB00776	34312
DB00777	4940
DB00778	5480431
DB00779	4421
DB00780	3675
DB00781	4868
DB00782	4934
DB00783	5757
DB00784	4044
DB00786	119031
DB00787	2022
DB00788	156391
DB00790	107807
DB00791	6194
DB00792	5587
DB00793	3561
DB00794	4909
DB00795	5384001
DB00796	2541
DB00797	5504
DB00798	3467
DB00799	5381
DB00800	3341
DB00801	31640
DB00802	51263
DB00803	5311054
DB00804	3042
DB00805	4199
DB00806	4740
DB00807	4935
DB00808	3702
DB00809	5593
DB00810	2381
DB00811	37542
DB00812	4781
DB00813	3345
DB00814	54677470
DB00815	3423265
DB00816	4086
DB00817	287180
DB00818	4943
DB00819	1986
DB00820	110635
DB00821	2581
DB00822	3117
DB00823	9270
DB00824	1676
DB00825	16666
DB00826	5281099
DB00827	2762
DB00828	446987
DB00829	3016
DB00830	4762
DB00831	5566
DB00832	6839
DB00833	51039
DB00834	55245
DB00835	6834
DB00836	3955
DB00837	5361323
DB00838	5311052
DB00839	5503
DB00841	36811
DB00842	4616
DB00843	3152
DB00844	5311304
DB00845	2794
DB00846	15209
DB00847	6058
DB00848	26879
DB00849	8271
DB00850	4748
DB00851	5281007
DB00852	7028
DB00855	137
DB00856	7697
DB00857	1549008
DB00858	6011
DB00859	4727
DB00860	5755
DB00861	3059
DB00862	110634
DB00863	3001055
DB00864	445643
DB00865	5311017
DB00866	2119
DB00867	33572
DB00868	7699
DB00869	5284549
DB00870	5359
DB00871	5403
DB00872	151171
DB00873	9865442
DB00874	3516
DB00875	25137855
DB00876	5281037
DB00877	53627520
DB00878	2713
DB00879	60877
DB00880	2720
DB00881	54892
DB00882	1548953
DB00883	6883
DB00884	5245
DB00885	57697
DB00886	126046
DB00887	2471
DB00888	4033
DB00889	3510
DB00890	667476
DB00891	5336
DB00892	4633
DB00894	13769
DB00895	45266800
DB00896	39507
DB00897	5556
DB00898	702
DB00899	60815
DB00900	50599
DB00901	35330
DB00902	14677
DB00903	3278
DB00904	4595
DB00905	5311027
DB00906	60648
DB00907	446220
DB00908	441074
DB00909	5734
DB00910	5281104
DB00911	5479
DB00912	65981
DB00913	8944
DB00914	8249
DB00915	2130
DB00916	4173
DB00917	5280360
DB00918	123606
DB00919	15541
DB00920	3827
DB00921	644073
DB00922	3033825
DB00923	43507
DB00924	2895
DB00925	4768
DB00926	5282375
DB00927	3325
DB00928	9444
DB00929	5282381
DB00931	70789199
DB00932	54682461
DB00933	4078
DB00934	4011
DB00935	4636
DB00936	338
DB00937	7029
DB00938	5152
DB00939	4037
DB00940	4097
DB00941	73425376
DB00942	2911
DB00943	24066
DB00944	5966
DB00945	2244
DB00946	54680692
DB00947	17756771
DB00948	656511
DB00949	3331
DB00950	3348
DB00951	3767
DB00952	4440
DB00953	5078
DB00954	70789200
DB00955	6857423
DB00956	5284569
DB00957	5360970
DB00958	10339178
DB00959	6741
DB00960	4828
DB00961	4062
DB00962	5719
DB00963	60726
DB00964	2216
DB00966	65999
DB00967	124087
DB00968	38853
DB00969	2099
DB00970	457193
DB00971	24011
DB00972	2267
DB00973	150311
DB00974	6049
DB00975	3108
DB00976	70789201
DB00978	3948
DB00979	2905
DB00980	208902
DB00981	5983
DB00982	5282379
DB00983	3410
DB00984	229455
DB00985	441281
DB00986	3494
DB00987	6253
DB00988	681
DB00989	77991
DB00990	60198
DB00991	4614
DB00992	157922
DB00993	2265
DB00994	8378
DB00995	16667669
DB00996	3446
DB00997	31703
DB00998	77992
DB00999	3639
DB01000	19003
DB01001	2083
DB01002	92253
DB01003	2882
DB01004	3454
DB01005	3657
DB01006	3902
DB01007	5482
DB01008	2478
DB01009	3825
DB01010	3202
DB01011	4174
DB01012	156419
DB01013	32798
DB01014	40469209
DB01015	5329
DB01016	3488
DB01017	54675783
DB01018	3519
DB01019	2370
DB01020	27661
DB01021	5560
DB01022	5284607
DB01023	3333
DB01024	446541
DB01025	2161
DB01026	3823
DB01028	4116
DB01029	3749
DB01030	60700
DB01031	3284
DB01032	4911
DB01033	667490
DB01034	5282054
DB01035	4913
DB01036	443879
DB01037	5195
DB01038	25137957
DB01039	3339
DB01040	16051924
DB01041	5426
DB01042	460612
DB01043	4054
DB01044	5379
DB01045	25141428
DB01046	656719
DB01047	9642
DB01048	441300
DB01049	87068835
DB01050	3672
DB01051	54675769
DB01053	5904
DB01054	4507
DB01055	440473
DB01056	38945
DB01057	10548
DB01058	4891
DB01059	4539
DB01060	33613
DB01061	6479523
DB01062	4634
DB01063	17676
DB01064	3779
DB01065	896
DB01066	72543801
DB01067	3478
DB01068	2802
DB01069	4927
DB01070	5311071
DB01071	4066
DB01072	148192
DB01073	30751
DB01074	4746
DB01075	3100
DB01076	4636594
DB01077	3305
DB01078	28620
DB01079	5487301
DB01080	5665
DB01081	13505
DB01082	19649
DB01083	3034010
DB01084	3219
DB01085	5910
DB01086	2337
DB01087	4908
DB01088	6443959
DB01089	8550
DB01090	5850
DB01091	2484
DB01092	439501
DB01093	679
DB01094	72281
DB01095	1548972
DB01096	4612
DB01097	3899
DB01098	446157
DB01099	3366
DB01100	16362
DB01101	60953
DB01102	60789
DB01103	237
DB01104	68617
DB01105	5210
DB01106	54385
DB01107	4162
DB01108	656583
DB01110	4189
DB01112	5361202
DB01113	4680
DB01114	2725
DB01115	4485
DB01116	23576
DB01117	74989
DB01118	2157
DB01119	3019
DB01120	667431
DB01121	4753
DB01122	2131
DB01123	7099
DB01124	5505
DB01125	2197
DB01126	6918296
DB01127	3198
DB01128	2375
DB01129	5029
DB01130	52421
DB01131	4923
DB01132	4829
DB01133	60937
DB01134	13126
DB01135	60169
DB01136	2585
DB01137	149096
DB01138	5342
DB01139	30699
DB01140	47965
DB01141	477468
DB01142	667468
DB01143	2141
DB01144	3038
DB01145	5351
DB01146	3103
DB01147	6098
DB01148	3354
DB01149	4449
DB01150	5281006
DB01151	2995
DB01153	65863
DB01154	3032285
DB01155	5464436
DB01156	444
DB01157	5583
DB01158	2431
DB01159	3562
DB01160	5282415
DB01161	8612
DB01162	5401
DB01163	36273
DB01164	5284359
DB01165	4583
DB01166	2754
DB01167	55283
DB01168	4915
DB01169	518740
DB01170	3518
DB01171	4235
DB01172	11540314
DB01173	4601
DB01174	4763
DB01175	146570
DB01176	6726
DB01177	42890
DB01178	2717
DB01179	11047943
DB01180	5280954
DB01181	3690
DB01182	4932
DB01183	5284596
DB01184	3151
DB01185	6446
DB01186	47811
DB01187	3037234
DB01188	2749
DB01189	42113
DB01190	29029
DB01191	66265
DB01192	5284604
DB01193	1978
DB01194	68844
DB01195	3356
DB01196	259331
DB01197	44093
DB01198	5735
DB01199	6000
DB01200	31101
DB01201	66587073
DB01202	441341
DB01203	39147
DB01204	4212
DB01205	3373
DB01206	3950
DB01207	6324661
DB01208	60464
DB01209	3033053
DB01210	39468
DB01211	84029
DB01212	5361919
DB01213	3406
DB01214	31477
DB01215	3261
DB01216	57363
DB01217	2187
DB01218	37393
DB01219	5378825
DB01220	6436173
DB01221	3821
DB01222	5281004
DB01223	9433
DB01224	5002
DB01225	772
DB01226	5281042
DB01227	15130
DB01228	48041
DB01229	36314
DB01230	4723
DB01231	3055
DB01232	60787
DB01233	4168
DB01234	5743
DB01235	6047
DB01236	5206
DB01237	2444
DB01238	60795
DB01239	667466
DB01240	5282411
DB01241	3463
DB01242	2801
DB01243	2722
DB01244	2351
DB01245	2968
DB01246	5574
DB01247	3759
DB01248	148124
DB01249	3724
DB01250	6816262
DB01251	91610
DB01252	3047758
DB01253	443884
DB01254	3062316
DB01255	11597698
DB01256	6918462
DB01259	208908
DB01260	5311066
DB01261	4369359
DB01262	451668
DB01263	147912
DB01264	213039
DB01265	159269
DB01267	115237
DB01268	5329102
DB01273	5310966
DB01274	3083544
DB01275	3637
DB01280	3011155
DB01282	16681432
DB01283	151166
DB01288	3343
DB01289	32778
DB01291	4845
DB01294	53629521
DB01295	2372
DB01296	439213
DB01297	4883
DB01298	5322
DB01299	17134
DB01301	54682938
DB01303	656652
DB01319	131536
DB01320	56339
DB01321	5282165
DB01322	5281052
DB01324	4870
DB01325	6307
DB01326	456255
DB01327	33255
DB01328	43594
DB01329	44185
DB01330	53025
DB01331	441199
DB01332	5361848
DB01333	38103
DB01336	21233
DB01337	441289
DB01338	50192
DB01339	39765
DB01340	56330
DB01342	132706
DB01346	53461739
DB01347	60921
DB01348	5311447
DB01349	60919
DB01351	2164
DB01352	6464
DB01353	6473
DB01354	10518
DB01355	3608
DB01356	28486
DB01357	12598371
DB01359	37464
DB01361	202225
DB01362	3730
DB01364	9294
DB01365	3677
DB01366	688561
DB01367	3052776
DB01369	23724509
DB01370	5359268
DB01373	5460341
DB01377	6338572
DB01378	888
DB01380	5745
DB01382	9565
DB01384	5875
DB01388	60663
DB01390	516892
DB01392	8969
DB01393	39042
DB01394	2833
DB01395	68873
DB01396	441207
DB01398	23698465
DB01399	5161
DB01400	4456
DB01403	72287
DB01405	60021
DB01406	28417
DB01407	2783
DB01408	54766
DB01409	3086655
DB01410	444033
DB01411	115100
DB01412	5429
DB01413	5464190
DB01414	91562
DB01415	5282242
DB01416	6321413
DB01418	54676537
DB01419	68723
DB01420	5995
DB01421	165580
DB01422	19910
DB01423	54120
DB01424	6009
DB01425	43008
DB01426	441080
DB01427	3698
DB01428	4632
DB01429	2218
DB01430	33887
DB01431	235905
DB01433	10517
DB01434	92834
DB01435	2206
DB01436	5282181
DB01437	3487
DB01438	4756
DB01439	62296
DB01440	3037032
DB01441	151182
DB01442	26175
DB01444	10668
DB01445	10257
DB01446	9287
DB01447	92196
DB01450	107765
DB01452	5462328
DB01453	62278
DB01454	1615
DB01459	61791
DB01460	6090
DB01461	17036
DB01462	13493
DB01463	14584
DB01464	61306
DB01465	62787
DB01466	5359271
DB01467	27402
DB01468	46424
DB01469	62795
DB01470	62309
DB01471	102146
DB01472	31721
DB01473	6471
DB01475	48194
DB01476	3563
DB01477	5362447
DB01478	61583
DB01480	544534
DB01481	236666
DB01482	102710
DB01483	2294
DB01484	62065
DB01486	441457
DB01487	27453
DB01488	6089
DB01489	37367
DB01490	16630
DB01491	13331
DB01493	13765
DB01494	16676
DB01495	10188
DB01496	3003157
DB01497	26721
DB01498	62709
DB01499	61119
DB01500	107580
DB01501	34328
DB01502	62370
DB01505	61122
DB01506	31862
DB01509	1614
DB01511	17925
DB01512	5463858
DB01514	14708
DB01515	448223
DB01516	31016
DB01518	62516
DB01520	62751
DB01521	68947
DB01522	62710
DB01523	62528
DB01524	223407
DB01525	91460
DB01526	136297
DB01527	25223
DB01528	85875
DB01529	9648
DB01530	11957457
DB01531	521115
DB01532	62307
DB01533	6833
DB01534	19094
DB01535	62156
DB01536	6128
DB01537	98527
DB01538	5463874
DB01539	62529
DB01541	13308
DB01542	32938
DB01544	3380
DB01545	3299
DB01546	8367
DB01547	5463863
DB01548	26644
DB01549	62436
DB01550	61810
DB01551	5284543
DB01552	61118
DB01553	2816
DB01555	22308
DB01556	10007
DB01557	62281
DB01558	2441
DB01559	2811
DB01560	62258
DB01561	222865
DB01562	60977
DB01563	2707
DB01564	28204
DB01565	5359421
DB01566	105039
DB01567	3369
DB01568	5359929
DB01569	17150
DB01570	62279
DB01571	61996
DB01573	5362507
DB01576	5826
DB01577	10836
DB01578	443944
DB01579	12460
DB01580	4631
DB01581	5325
DB01582	5327
DB01586	31401
DB01587	33746
DB01588	4890
DB01589	4999
DB01591	216457
DB01592	23925
DB01593	23994
DB01594	3033621
DB01595	4506
DB01597	6435415
DB01598	104838
DB01599	4912
DB01600	5468
DB01601	92727
DB01602	441397
DB01603	6087
DB01604	33478
DB01605	115163
DB01606	123630
DB01607	36921
DB01608	4747
DB01609	36687767
DB01610	64147
DB01611	3652
DB01612	10026
DB01613	5284553
DB01614	6077
DB01615	26035
DB01616	3678
DB01618	23897
DB01619	11291
DB01620	4761
DB01621	62867
DB01622	9429
DB01623	941651
DB01624	5311507
DB01625	3775
DB01626	4688
DB01627	656509
DB01628	123619
DB01629	9427
DB01630	5288596
DB01631	15606
DB01632	7339
DB01633	46936177
DB01634	46936179
DB01635	676443
DB01636	74076591
DB01637	444637
DB01638	5780
DB01639	5168640
DB01640	17753798
DB01641	46936180
DB01642	445238
DB01643	9700
DB01644	449159
DB01645	5280961
DB01646	448580
DB01647	449190
DB01648	447600
DB01649	446336
DB01650	637540
DB01651	445936
DB01652	168718
DB01653	17754110
DB01655	446821
DB01656	449193
DB01657	46936181
DB01659	17754134
DB01660	6324649
DB01661	46936182
DB01662	17754112
DB01664	447195
DB01665	4469371
DB01666	65302
DB01667	8646
DB01668	6323454
DB01669	5459319
DB01670	7997
DB01672	19
DB01673	46936185
DB01675	46936187
DB01676	8376
DB01677	5460307
DB01678	46936188
DB01679	448670
DB01681	2334
DB01683	46936189
DB01684	5289354
DB01685	5288320
DB01686	123831
DB01687	46936190
DB01688	2879
DB01689	1944
DB01690	46936191
DB01691	5288607
DB01692	446094
DB01693	5748447
DB01694	447315
DB01696	1175
DB01697	46936192
DB01698	46936193
DB01699	15107208
DB01700	46936194
DB01701	445768
DB01702	547
DB01704	446611
DB01707	46936195
DB01708	5881
DB01709	439278
DB01711	9923
DB01712	46936196
DB01713	46936197
DB01714	40489127
DB01715	445025
DB01716	46936198
DB01717	6419780
DB01718	2681
DB01719	46936199
DB01720	657131
DB01721	46936200
DB01722	7500
DB01723	46936201
DB01724	6579452
DB01726	5801
DB01727	447805
DB01728	15859389
DB01729	439455
DB01731	448668
DB01732	46936202
DB01733	444348
DB01734	1628
DB01735	439771
DB01736	94599
DB01737	131624
DB01738	120985
DB01739	99288
DB01740	445180
DB01742	449120
DB01743	46936203
DB01744	444294
DB01745	446605
DB01746	6106
DB01748	4347
DB01749	8071
DB01750	6862
DB01751	65552
DB01752	46936206
DB01754	54695768
DB01755	46936207
DB01756	446947
DB01758	439744
DB01759	3840
DB01760	33166
DB01761	447721
DB01762	96
DB01764	21943991
DB01765	447682
DB01766	185915
DB01767	1282
DB01768	46936209
DB01769	46936210
DB01770	5287722
DB01771	447488
DB01772	448238
DB01773	46936211
DB01774	46936212
DB01775	670
DB01776	342
DB01779	2526
DB01780	46936214
DB01782	8515
DB01783	988
DB01784	120231
DB01785	647
DB01786	5950
DB01788	4635105
DB01789	46936215
DB01790	46936216
DB01791	154575
DB01792	46936217
DB01793	448008
DB01795	66827
DB01796	1066
DB01798	448674
DB01799	5288154
DB01800	165879
DB01802	447259
DB01803	37851
DB01804	5287580
DB01805	46936220
DB01806	46936221
DB01807	656949
DB01808	46936222
DB01809	1400
DB01810	5287438
DB01812	46936223
DB01813	46936224
DB01814	46936225
DB01815	17754065
DB01816	11063191
DB01817	46936226
DB01818	46936227
DB01819	1005
DB01820	46936228
DB01821	46936229
DB01822	439407
DB01823	11776755
DB01824	46936230
DB01825	448488
DB01826	76008
DB01827	657081
DB01828	6329
DB01829	46936231
DB01830	9896036
DB01831	446202
DB01832	446167
DB01833	439202
DB01834	46936232
DB01835	448269
DB01836	446399
DB01837	6995274
DB01838	128600
DB01839	1030
DB01840	448372
DB01841	46936233
DB01842	46936234
DB01843	46936235
DB01844	6228
DB01845	7705
DB01846	46936236
DB01847	448879
DB01849	649
DB01850	46936237
DB01851	16028
DB01852	5280863
DB01854	1808
DB01855	46936240
DB01856	385
DB01857	152441
DB01858	5288259
DB01859	46936241
DB01860	46936242
DB01861	46936243
DB01862	2802070
DB01863	13830686
DB01864	6324623
DB01865	5287720
DB01866	447536
DB01870	445999
DB01871	5289424
DB01872	440173
DB01873	46936246
DB01874	446337
DB01877	17754173
DB01878	3102
DB01879	46936247
DB01880	689043
DB01881	4369603
DB01882	448220
DB01883	5289343
DB01884	447256
DB01885	151504
DB01887	46936248
DB01888	5287990
DB01889	101989
DB01890	46936249
DB01891	444425
DB01892	3662
DB01893	46936250
DB01894	36690637
DB01895	46936251
DB01896	92269
DB01897	45157700
DB01898	6604760
DB01900	1140
DB01901	46936252
DB01902	16842
DB01903	46936253
DB01904	6912
DB01905	6799840
DB01906	448406
DB01908	46936255
DB01909	46936256
DB01910	46936257
DB01911	444708
DB01913	17754177
DB01914	167792
DB01915	165339
DB01917	1045
DB01918	1954
DB01919	8063
DB01920	735951
DB01921	445614
DB01922	46936258
DB01923	46936259
DB01924	10313
DB01925	178518
DB01927	68238
DB01928	854026
DB01929	4627204
DB01930	5289105
DB01931	1779
DB01933	46936262
DB01934	46936263
DB01935	657144
DB01936	9996708
DB01937	46936264
DB01938	6541406
DB01939	1800
DB01940	46936265
DB01941	3922
DB01942	284
DB01944	5287792
DB01946	2403
DB01947	5287463
DB01948	447725
DB01949	445856
DB01950	448014
DB01951	445501
DB01953	27934
DB01954	448055
DB01955	8064
DB01956	1123
DB01957	7933
DB01958	3537
DB01959	656969
DB01960	46936268
DB01961	6328756
DB01962	30819
DB01963	65389
DB01964	444612
DB01965	46936269
DB01966	17754131
DB01967	11987780
DB01968	5806800
DB01969	46936270
DB01970	46936271
DB01971	736715
DB01972	5748251
DB01973	17754162
DB01974	46936272
DB01975	46936273
DB01976	11885
DB01977	447732
DB01978	414013
DB01979	101798
DB01980	5288643
DB01981	46936274
DB01982	26470759
DB01983	444965
DB01984	46936275
DB01985	67427
DB01986	285553
DB01987	644169
DB01988	4369379
DB01989	46936276
DB01990	46936278
DB01991	46936279
DB01992	46936280
DB01993	446862
DB01994	1522
DB01995	5748377
DB01996	7970
DB01998	46936281
DB02000	4775
DB02001	3534
DB02002	3332061
DB02004	448436
DB02005	5780665
DB02006	46936283
DB02007	46936284
DB02008	447371
DB02009	46936285
DB02010	44120114
DB02011	124992
DB02013	50912718
DB02014	447994
DB02015	16219270
DB02016	1949
DB02017	46936286
DB02018	2138
DB02019	4471188
DB02020	2120
DB02021	449156
DB02022	777
DB02023	46936287
DB02024	107
DB02025	448130
DB02026	46936288
DB02027	656911
DB02028	46936289
DB02029	4357
DB02030	46936290
DB02031	46936291
DB02032	688267
DB02033	54687250
DB02034	10975968
DB02035	3572
DB02036	448475
DB02037	2733981
DB02038	445005
DB02039	15648760
DB02041	95014
DB02042	90255
DB02043	46936292
DB02044	1433
DB02045	8060
DB02046	449500
DB02047	448006
DB02048	3387240
DB02049	5111
DB02051	46936293
DB02052	5326739
DB02053	448027
DB02054	7419
DB02055	19241
DB02056	448457
DB02057	158397
DB02058	17754180
DB02059	447048
DB02060	7967
DB02061	46936190
DB02062	5478838
DB02065	46936294
DB02067	46936296
DB02068	449593
DB02069	4290
DB02070	161166
DB02071	4368
DB02072	1521
DB02074	637090
DB02076	22820300
DB02077	656912
DB02078	8189
DB02079	286
DB02080	446308
DB02081	12374050
DB02082	46936298
DB02083	673
DB02085	535
DB02086	5460502
DB02087	446275
DB02088	444720
DB02089	445383
DB02090	17754156
DB02091	447956
DB02092	46936301
DB02093	46936302
DB02094	2671
DB02095	7054
DB02096	447340
DB02097	453552
DB02098	6102530
DB02099	5289326
DB02100	76935
DB02101	449156
DB02102	46936303
DB02103	72194
DB02104	447815
DB02105	3870203
DB02106	17753786
DB02107	642324
DB02108	4471892
DB02109	12717
DB02111	448651
DB02112	448062
DB02113	5287547
DB02114	7464
DB02115	107971
DB02116	4592
DB02118	448940
DB02119	218
DB02120	10749764
DB02121	10927
DB02122	4634714
DB02123	12544
DB02124	46936304
DB02125	64151
DB02126	697959
DB02127	3073
DB02128	46936305
DB02129	439216
DB02130	54675858
DB02131	5288319
DB02132	5724
DB02134	1188
DB02135	657028
DB02136	46936307
DB02138	3050
DB02139	445990
DB02140	5287869
DB02141	1337
DB02142	1053
DB02143	447029
DB02144	46936309
DB02145	263
DB02146	46936311
DB02148	5289348
DB02151	444719
DB02152	3035817
DB02153	1549098
DB02154	5496628
DB02155	46936313
DB02156	440717
DB02158	46936314
DB02159	259994
DB02160	46936315
DB02161	447234
DB02162	46936316
DB02163	7259
DB02164	46936317
DB02165	21145272
DB02167	151045
DB02169	46936318
DB02170	5326637
DB02171	14620017
DB02172	11073745
DB02174	5961
DB02175	867
DB02176	21226022
DB02177	448317
DB02178	998
DB02179	445155
DB02180	46936319
DB02181	13602803
DB02184	446094
DB02185	445228
DB02186	440271
DB02187	223368
DB02189	65304
DB02190	446264
DB02191	11987779
DB02192	6054
DB02193	5353306
DB02194	46936320
DB02195	5288238
DB02196	23700
DB02197	5288527
DB02198	6227
DB02200	46936321
DB02201	9084
DB02202	446973
DB02203	6406
DB02205	5287846
DB02209	1055
DB02210	12374
DB02211	5289295
DB02213	46936322
DB02214	46936323
DB02215	774282
DB02216	24417
DB02217	5288101
DB02218	46936324
DB02219	70815
DB02220	3013848
DB02221	446241
DB02222	5287571
DB02224	439533
DB02225	447776
DB02227	448431
DB02228	5288324
DB02229	46936326
DB02232	289
DB02233	97725
DB02234	5139
DB02235	9577091
DB02237	46936329
DB02238	473
DB02239	11579
DB02240	21158865
DB02241	46936330
DB02242	69702
DB02243	46936331
DB02245	4470573
DB02247	5288660
DB02248	46936332
DB02249	8076
DB02250	74076582
DB02251	955
DB02252	11575
DB02253	5287502
DB02254	4631605
DB02255	132519
DB02256	1263358
DB02257	4354
DB02258	9887304
DB02259	448661
DB02260	1755
DB02261	108156
DB02262	967
DB02263	439168
DB02264	46936333
DB02265	137936
DB02266	3371
DB02267	448718
DB02268	446367
DB02269	446978
DB02270	5288123
DB02271	46936334
DB02273	1712076
DB02274	36688194
DB02275	46936335
DB02276	17754079
DB02277	446816
DB02278	3340355
DB02279	11915
DB02280	439616
DB02282	688097
DB02283	446854
DB02287	6809273
DB02288	54473750
DB02289	100714
DB02290	657024
DB02292	5287541
DB02294	46936338
DB02295	448379
DB02296	31260
DB02297	118458
DB02298	46936339
DB02300	5288783
DB02301	6323520
DB02302	169148
DB02303	46936340
DB02304	6441243
DB02305	71299813
DB02306	46936342
DB02307	17754028
DB02308	5288139
DB02309	46936344
DB02310	168131
DB02311	11892832
DB02312	46936284
DB02313	46936345
DB02314	46936346
DB02315	46936347
DB02316	11113761
DB02317	123912
DB02318	14607364
DB02319	46936348
DB02320	10376202
DB02321	46936349
DB02322	46936350
DB02323	46936352
DB02324	46936353
DB02326	6323374
DB02327	8172
DB02328	5288538
DB02329	46936354
DB02331	17753764
DB02332	5702617
DB02333	46936355
DB02334	443250
DB02335	15689
DB02336	46936356
DB02337	446994
DB02338	5702548
DB02339	447560
DB02340	65249
DB02341	46936357
DB02342	16760554
DB02343	78057
DB02344	36690637
DB02345	25076
DB02346	46936358
DB02347	447249
DB02348	65241
DB02349	46936359
DB02350	5288814
DB02352	90334
DB02353	46936360
DB02354	445756
DB02355	52945393
DB02356	46936363
DB02357	46936364
DB02358	46936365
DB02359	448969
DB02360	446833
DB02361	46186614
DB02362	978
DB02363	46936366
DB02364	46936367
DB02365	1318
DB02367	5287415
DB02368	656979
DB02369	4469807
DB02370	17754073
DB02371	81831
DB02372	445779
DB02374	11041133
DB02375	5281672
DB02376	10465168
DB02378	46936369
DB02379	6992084
DB02380	439488
DB02381	446124
DB02382	46936370
DB02383	53359
DB02384	54715129
DB02385	444632
DB02386	445715
DB02387	6950578
DB02388	447873
DB02390	4628823
DB02391	445732
DB02393	46936371
DB02394	46936372
DB02395	1667
DB02396	12219
DB02397	46936373
DB02398	447733
DB02399	25032396
DB02400	4470790
DB02401	448650
DB02402	447098
DB02403	9584
DB02404	446506
DB02405	175468
DB02406	7991
DB02407	4564
DB02408	448219
DB02409	46936374
DB02410	4369479
DB02411	466959
DB02412	8894
DB02413	119224
DB02415	9543425
DB02416	46936375
DB02417	1483
DB02418	220010
DB02419	104406
DB02420	449125
DB02421	46936243
DB02422	46936376
DB02424	46936377
DB02425	448864
DB02426	46936378
DB02427	447021
DB02428	7124
DB02429	446237
DB02430	46936379
DB02431	6602106
DB02432	46936380
DB02433	46936381
DB02434	78386
DB02435	448748
DB02436	46936382
DB02437	17754062
DB02438	46936383
DB02440	356
DB02441	3465283
DB02442	17754171
DB02445	46936387
DB02446	449178
DB02447	46936388
DB02448	12530
DB02450	5496627
DB02452	6324670
DB02453	19362114
DB02454	46936389
DB02456	5745914
DB02457	5287863
DB02458	25322935
DB02459	159772
DB02461	192579
DB02462	657073
DB02463	1507
DB02464	7504
DB02465	5353761
DB02466	445576
DB02467	9577091
DB02469	46936396
DB02470	46936397
DB02471	46936338
DB02472	46936398
DB02473	447735
DB02474	46936399
DB02475	46936400
DB02477	10579415
DB02479	446276
DB02480	448012
DB02481	80654
DB02482	10976469
DB02483	46936401
DB02484	46936402
DB02485	46936403
DB02486	15906
DB02488	46936404
DB02489	79639
DB02490	4635864
DB02491	447622
DB02492	46936405
DB02493	46936312
DB02494	444718
DB02495	448110
DB02496	443201
DB02497	46936407
DB02499	657087
DB02500	1855
DB02501	17754183
DB02502	46936410
DB02503	5288001
DB02504	3711
DB02505	657149
DB02506	17753820
DB02507	54688261
DB02508	448400
DB02509	1549107
DB02510	46936411
DB02511	17754104
DB02512	189150
DB02513	6989
DB02514	46936412
DB02515	439162
DB02516	46936413
DB02517	33032
DB02518	132213
DB02519	5288641
DB02520	8987
DB02521	160478
DB02522	439811
DB02523	46936415
DB02525	10465168
DB02526	6828474
DB02527	25322948
DB02529	46936417
DB02530	119
DB02531	6590
DB02532	292661
DB02533	2146
DB02534	15624
DB02535	2144
DB02536	79014
DB02537	46936418
DB02538	447652
DB02539	5139
DB02540	46936419
DB02541	448524
DB02542	15227560
DB02544	445992
DB02545	5326713
DB02546	5311
DB02547	46936420
DB02548	14620017
DB02549	46936421
DB02550	448972
DB02551	447731
DB02552	445995
DB02553	46936422
DB02554	46936423
DB02555	656989
DB02556	71567
DB02558	448249
DB02559	17754203
DB02560	17753903
DB02561	6992107
DB02562	46936425
DB02563	46936426
DB02565	17753849
DB02566	5289243
DB02567	447077
DB02568	60817
DB02569	461279
DB02570	444306
DB02571	160603
DB02573	46936428
DB02574	46936429
DB02576	7311735
DB02578	17754143
DB02579	6581
DB02580	70931
DB02581	5288251
DB02582	46936430
DB02583	444617
DB02585	448513
DB02586	72792
DB02587	47936
DB02588	17754085
DB02589	449633
DB02590	46936431
DB02591	57417338
DB02592	46936432
DB02593	5287417
DB02594	453557
DB02596	6323221
DB02597	5289469
DB02598	447701
DB02599	446623
DB02600	40640969
DB02601	36143
DB02602	1604
DB02603	445967
DB02604	46936435
DB02606	84682
DB02607	46936436
DB02608	6934735
DB02609	46936437
DB02610	445770
DB02611	448326
DB02613	62452
DB02614	5287795
DB02615	46936438
DB02616	447339
DB02617	5289140
DB02618	5221296
DB02619	137895
DB02620	447450
DB02621	46936439
DB02622	444764
DB02623	46936440
DB02624	7057884
DB02625	22096207
DB02626	46936441
DB02627	2734608
DB02628	4369343
DB02629	46936442
DB02630	448027
DB02631	6323266
DB02632	726317
DB02633	172469
DB02635	46936443
DB02636	1941
DB02637	3260017
DB02638	72081
DB02639	2733779
DB02640	46936444
DB02641	136449
DB02642	1950
DB02645	46936445
DB02646	79124
DB02647	449088
DB02648	10918
DB02649	75367
DB02650	6407
DB02651	448024
DB02652	446056
DB02654	6102560
DB02655	83887
DB02656	3973
DB02657	16019957
DB02658	445227
DB02659	221493
DB02660	5492192
DB02662	1829
DB02663	6971307
DB02664	20479
DB02665	11861988
DB02666	46936448
DB02668	17754052
DB02669	448087
DB02670	447629
DB02671	444235
DB02673	21158810
DB02674	446903
DB02675	46936451
DB02676	125132
DB02677	17754157
DB02678	449462
DB02679	9864
DB02680	7452
DB02682	46936452
DB02683	46936453
DB02684	46936454
DB02685	2761494
DB02686	46936455
DB02688	123991
DB02689	5289344
DB02690	63306
DB02691	46936456
DB02692	5702551
DB02693	439407
DB02694	46936457
DB02695	46936458
DB02696	46936459
DB02697	444599
DB02698	4310
DB02699	5289090
DB02700	46936460
DB02701	936
DB02702	46936461
DB02703	3000226
DB02704	46936462
DB02705	447736
DB02706	46936463
DB02707	448673
DB02709	445154
DB02710	151483
DB02711	657028
DB02712	337359
DB02713	10972
DB02714	46936464
DB02715	46936438
DB02716	6338594
DB02717	46936465
DB02718	46936466
DB02719	46936467
DB02720	46936468
DB02722	446874
DB02723	446573
DB02725	99594
DB02726	529
DB02727	447030
DB02728	5289613
DB02730	46936472
DB02733	448991
DB02734	46936474
DB02735	46936475
DB02736	178
DB02738	193491
DB02740	8617
DB02741	2605
DB02742	46936476
DB02743	46936190
DB02744	5326514
DB02745	453551
DB02746	1017
DB02747	46936477
DB02749	6961
DB02751	763
DB02752	445504
DB02754	448965
DB02755	46936481
DB02756	91665
DB02757	1048
DB02758	3744
DB02759	46936482
DB02760	449501
DB02761	165331
DB02762	447532
DB02763	123648
DB02764	8058
DB02765	445211
DB02767	5288266
DB02768	61207
DB02770	46936483
DB02771	8182
DB02772	46936484
DB02773	2084
DB02774	10442
DB02776	14253
DB02777	87507
DB02778	46936485
DB02779	8153
DB02780	46936486
DB02783	447742
DB02784	17753978
DB02785	46936487
DB02786	46936488
DB02787	46936489
DB02788	447765
DB02789	8955
DB02790	46936490
DB02791	164912
DB02792	46936491
DB02793	46936492
DB02794	46936493
DB02795	7478
DB02797	1677
DB02798	46936495
DB02799	5288792
DB02800	46936496
DB02801	46936497
DB02802	46936498
DB02803	446127
DB02804	46936499
DB02805	46936464
DB02806	8019
DB02807	21596768
DB02808	449547
DB02810	117765
DB02811	220224
DB02812	46936500
DB02813	87901
DB02815	7219
DB02816	21158799
DB02817	447414
DB02818	447196
DB02819	46936501
DB02821	10176161
DB02822	70119
DB02823	546
DB02824	445062
DB02825	3396559
DB02826	15600
DB02827	446871
DB02828	131153
DB02829	446325
DB02830	447546
DB02831	1003
DB02833	447961
DB02834	448658
DB02836	46936505
DB02837	46936506
DB02838	440046
DB02839	1491
DB02840	6810282
DB02841	5288987
DB02842	150238
DB02843	65533
DB02844	46936507
DB02845	3396560
DB02846	198253
DB02847	46936508
DB02848	5740
DB02849	4324
DB02850	5287556
DB02851	1714210
DB02852	17753955
DB02853	145742
DB02854	5880
DB02855	5287408
DB02856	7752
DB02857	453549
DB02858	1475
DB02859	46936509
DB02860	46936510
DB02861	446242
DB02862	46936511
DB02865	448057
DB02866	65077
DB02867	644175
DB02869	46936513
DB02870	68525
DB02871	17754178
DB02872	46936514
DB02873	4630909
DB02875	85788224
DB02876	46936515
DB02877	5289501
DB02878	46936516
DB02879	46936517
DB02880	448623
DB02881	448797
DB02882	6323416
DB02883	446696
DB02884	712421
DB02885	4635111
DB02887	65355
DB02888	446414
DB02889	46936518
DB02890	46936519
DB02891	449237
DB02892	445478
DB02893	84815
DB02894	46936520
DB02895	9543424
DB02896	46936521
DB02897	186
DB02899	17753927
DB02900	46936284
DB02901	15
DB02902	46936522
DB02904	46936524
DB02905	46936525
DB02906	5287884
DB02907	6120722
DB02908	447537
DB02909	784625
DB02910	46936526
DB02911	445109
DB02914	5352712
DB02915	447958
DB02916	46936528
DB02917	449096
DB02918	5723
DB02919	447229
DB02921	447628
DB02922	69617
DB02923	254
DB02924	6857487
DB02925	4849
DB02927	445026
DB02928	17754207
DB02929	1715
DB02930	6324649
DB02932	56069
DB02933	188350
DB02934	46936531
DB02935	8150
DB02936	3710
DB02937	46936532
DB02938	8094
DB02939	5287453
DB02940	5289509
DB02941	46936533
DB02942	128419
DB02943	46936534
DB02945	7140380
DB02946	46936535
DB02947	46936536
DB02948	572
DB02950	17754027
DB02951	964
DB02952	6119
DB02953	5287850
DB02954	4633094
DB02955	5312852
DB02956	5289210
DB02957	46936537
DB02958	46936538
DB02959	439280
DB02960	5158928
DB02961	93579
DB02962	5382488
DB02963	5287989
DB02964	46936539
DB02965	445145
DB02966	126569
DB02967	4362
DB02969	1136
DB02970	15759
DB02971	46936543
DB02972	40472480
DB02973	1707
DB02975	46936544
DB02976	46936545
DB02977	46936546
DB02978	6994741
DB02979	11740154
DB02980	70789224
DB02981	46936548
DB02982	5353007
DB02984	1714
DB02985	444737
DB02986	4293
DB02987	17754220
DB02988	5599
DB02990	3378216
DB02991	3311
DB02992	46936549
DB02993	446312
DB02994	2513
DB02995	1549093
DB02996	17754166
DB02998	261000
DB02999	40539
DB03000	445211
DB03001	46936550
DB03002	10894
DB03003	13134933
DB03004	46936551
DB03006	7389
DB03007	14037062
DB03008	46936552
DB03009	448768
DB03010	46936553
DB03011	70789225
DB03012	446382
DB03013	46936555
DB03015	46936556
DB03018	7248
DB03019	447955
DB03020	46936558
DB03022	657024
DB03024	5288557
DB03025	2724898
DB03026	4797
DB03029	7237
DB03030	446185
DB03031	447015
DB03032	9888340
DB03033	3952261
DB03034	452723
DB03035	4634231
DB03037	3266379
DB03039	446239
DB03040	8758
DB03041	46936562
DB03042	46936563
DB03044	156422
DB03045	447720
DB03046	5289529
DB03047	46936564
DB03048	73271
DB03049	46936565
DB03050	446073
DB03051	2734707
DB03052	53001
DB03053	194762
DB03054	5558
DB03056	78607
DB03057	10964
DB03058	21439
DB03059	46936566
DB03060	446753
DB03061	5289037
DB03062	446386
DB03063	46936567
DB03064	54676715
DB03065	1894
DB03066	61503
DB03067	657141
DB03068	100016
DB03069	46936568
DB03070	46936569
DB03071	17754076
DB03072	448889
DB03073	98487
DB03075	447781
DB03076	46936570
DB03077	4476954
DB03078	5289215
DB03079	46936571
DB03080	46936572
DB03081	46936573
DB03082	448605
DB03083	5288600
DB03084	447872
DB03085	757
DB03086	448288
DB03087	5289510
DB03088	439685
DB03090	5289217
DB03091	445883
DB03092	46936574
DB03093	448973
DB03094	17753766
DB03095	6380
DB03096	408285
DB03097	445008
DB03098	1952
DB03099	4369374
DB03101	439236
DB03102	444765
DB03103	46936575
DB03104	46936576
DB03105	5287587
DB03106	892
DB03107	239
DB03108	446947
DB03109	440552
DB03110	7245
DB03111	46936577
DB03112	446904
DB03113	46936578
DB03114	5287461
DB03115	17753852
DB03116	46936579
DB03117	46936580
DB03118	511338
DB03119	8003
DB03120	6101
DB03121	1372
DB03124	5287429
DB03125	446998
DB03126	46936581
DB03127	444655
DB03128	187
DB03129	5289336
DB03130	46936582
DB03132	162569
DB03134	446719
DB03135	446273
DB03137	5289232
DB03138	123351
DB03139	446905
DB03140	312183
DB03141	448667
DB03142	445935
DB03143	8914
DB03144	123895
DB03145	1137
DB03146	46936452
DB03147	643975
DB03148	46936584
DB03149	409315
DB03150	165151
DB03152	445463
DB03153	5791881
DB03154	446662
DB03155	46936585
DB03156	441478
DB03157	46936586
DB03158	46936587
DB03159	447476
DB03160	46936588
DB03161	46936589
DB03162	448652
DB03163	443231
DB03165	447358
DB03166	175
DB03167	11852
DB03170	46936592
DB03171	3713
DB03172	46936593
DB03173	447478
DB03174	490
DB03175	1031
DB03176	9863447
DB03177	11979
DB03178	46936594
DB03179	5289388
DB03180	76635
DB03181	447271
DB03182	46936595
DB03183	656966
DB03184	46936596
DB03185	46936597
DB03186	46936598
DB03187	6323459
DB03188	46936599
DB03189	25203934
DB03190	46936600
DB03191	46936601
DB03192	46936602
DB03193	5281
DB03194	46936603
DB03195	447405
DB03196	151437
DB03197	69736
DB03198	46936604
DB03199	46936605
DB03200	46936606
DB03201	5862
DB03202	5289459
DB03203	5326412
DB03204	66762
DB03206	44387838
DB03207	444698
DB03208	46936607
DB03209	4604
DB03210	75451
DB03211	4628690
DB03212	46936608
DB03214	156126
DB03215	25201381
DB03216	5287610
DB03217	447531
DB03218	46936610
DB03219	46936611
DB03220	449013
DB03221	4369101
DB03222	46936612
DB03225	5460850
DB03226	6409
DB03227	6093202
DB03228	126690
DB03229	70
DB03230	46936616
DB03231	448408
DB03232	5280832
DB03233	46936617
DB03234	445986
DB03235	46936618
DB03236	46936619
DB03237	5288442
DB03238	96595
DB03239	449394
DB03240	657004
DB03241	18666974
DB03242	88702
DB03243	448749
DB03244	17754191
DB03246	6857384
DB03247	5702760
DB03248	17754119
DB03249	46936620
DB03250	22298966
DB03251	5289320
DB03252	5962
DB03253	2734054
DB03255	996
DB03256	3033683
DB03257	449201
DB03258	46936621
DB03259	446948
DB03260	16402
DB03262	4369172
DB03263	46936622
DB03264	46936623
DB03266	3485
DB03267	447076
DB03268	46936624
DB03269	46936324
DB03270	446274
DB03271	5460203
DB03272	448564
DB03273	46936625
DB03274	46936626
DB03275	11715171
DB03276	657098
DB03277	46936192
DB03278	445969
DB03279	46936627
DB03280	46936628
DB03281	46936629
DB03283	444863
DB03284	46936630
DB03285	638278
DB03286	46936631
DB03287	46936632
DB03288	46936633
DB03290	17754157
DB03291	447601
DB03292	177120
DB03293	108714
DB03294	1387
DB03295	46936634
DB03296	46936635
DB03297	3311411
DB03298	12793
DB03299	448582
DB03300	46936636
DB03301	76883
DB03302	33791
DB03303	21596768
DB03305	40489058
DB03306	5287488
DB03307	2608
DB03308	3080766
DB03309	66898
DB03310	11767258
DB03311	448662
DB03312	25323027
DB03313	46936637
DB03314	688357
DB03315	6602107
DB03316	31275
DB03318	46936639
DB03320	17753953
DB03321	46936641
DB03322	21138
DB03323	46936190
DB03325	46936642
DB03326	46936643
DB03327	445719
DB03328	49874293
DB03329	2723698
DB03330	46936644
DB03331	46936645
DB03332	6323220
DB03333	17754181
DB03335	641237
DB03336	4369285
DB03337	444581
DB03338	448173
DB03339	42300
DB03340	46936646
DB03341	46936647
DB03342	3364666
DB03344	9548598
DB03345	1567
DB03346	97032
DB03347	6535
DB03348	3631
DB03349	46936648
DB03350	24180799
DB03351	446752
DB03352	17753924
DB03353	46936649
DB03354	46936650
DB03355	46936651
DB03357	439616
DB03358	46936652
DB03359	3991
DB03360	719436
DB03361	17754019
DB03362	46936653
DB03364	448878
DB03365	5687
DB03367	448942
DB03368	1836
DB03369	13695
DB03370	449014
DB03371	46936654
DB03372	447329
DB03374	9305
DB03376	46936655
DB03379	1682
DB03380	151243
DB03381	984
DB03382	46936656
DB03383	444746
DB03384	448573
DB03386	688475
DB03387	73284
DB03388	657065
DB03389	6027
DB03390	46936657
DB03391	17753894
DB03392	46936658
DB03393	46936659
DB03395	60594
DB03396	46936660
DB03397	46936661
DB03399	4474585
DB03400	73927
DB03401	10342059
DB03402	46936662
DB03403	5745914
DB03405	46936663
DB03406	46936664
DB03407	3505109
DB03408	13922647
DB03409	7408450
DB03410	54682930
DB03411	127716
DB03412	97725
DB03413	46936665
DB03414	11206370
DB03415	46936666
DB03416	3382778
DB03417	46936667
DB03419	1174
DB03420	46936668
DB03421	1584
DB03422	304271
DB03423	46936669
DB03424	439299
DB03425	21672612
DB03426	46936671
DB03427	46936672
DB03428	5289419
DB03429	449005
DB03430	440104
DB03432	5287787
DB03433	5496700
DB03434	70807
DB03435	6101632
DB03438	46936675
DB03439	46936396
DB03440	151008
DB03441	17753867
DB03442	5287489
DB03444	5287844
DB03445	46936678
DB03446	445579
DB03447	46936679
DB03448	449392
DB03449	449021
DB03450	46936680
DB03451	46936681
DB03452	46936682
DB03453	10765798
DB03454	340
DB03455	447066
DB03456	5288988
DB03458	188380
DB03459	46936683
DB03460	46936684
DB03462	1135
DB03463	7809
DB03465	439278
DB03466	445575
DB03467	439246
DB03468	5226
DB03470	46936689
DB03471	46936690
DB03472	46936691
DB03473	439925
DB03474	73427366
DB03475	444508
DB03476	448841
DB03477	1396
DB03478	46936692
DB03479	46936693
DB03480	1543
DB03481	46936694
DB03482	46936695
DB03483	10033310
DB03484	5459861
DB03485	444200
DB03486	46936696
DB03487	32017976
DB03488	46936545
DB03489	11309850
DB03490	314123
DB03491	46936697
DB03493	6474237
DB03494	6828483
DB03495	46936699
DB03496	5287969
DB03498	5288817
DB03500	17085
DB03501	46936243
DB03502	46936700
DB03503	449379
DB03504	448970
DB03505	448010
DB03507	4470566
DB03508	13847
DB03509	657038
DB03510	46936701
DB03511	445929
DB03514	332
DB03515	444865
DB03516	43157
DB03517	5179950
DB03518	5288798
DB03519	65098
DB03522	17753844
DB03523	57030
DB03524	46936703
DB03525	5287550
DB03526	4316
DB03528	453548
DB03532	46936707
DB03533	62347
DB03534	447018
DB03535	122623
DB03536	6398520
DB03537	46936708
DB03539	46936709
DB03540	11789152
DB03541	443388
DB03542	25200860
DB03543	46936710
DB03544	3082729
DB03546	46936711
DB03548	46936712
DB03549	446236
DB03550	46936713
DB03551	46936714
DB03552	6950578
DB03553	743
DB03554	69672
DB03556	657096
DB03557	46936715
DB03558	46936716
DB03559	13017
DB03560	126
DB03561	8078
DB03562	46936717
DB03563	12389
DB03564	5288834
DB03565	46936718
DB03566	1102
DB03567	440552
DB03568	264
DB03569	71299817
DB03570	4468930
DB03571	448407
DB03572	447341
DB03573	5289258
DB03575	6468
DB03576	17754202
DB03577	447336
DB03578	79088
DB03579	445005
DB03581	3034794
DB03582	17754185
DB03583	5289321
DB03584	46936599
DB03585	4641
DB03586	46936721
DB03587	880
DB03588	8333
DB03589	10132
DB03590	439283
DB03591	46936723
DB03592	445462
DB03593	46936724
DB03595	69733601
DB03596	5496599
DB03597	46936725
DB03598	4369171
DB03599	46936599
DB03600	2969
DB03601	114829
DB03602	46936726
DB03603	11988288
DB03604	5803
DB03605	17753763
DB03606	448055
DB03607	17753903
DB03608	2354
DB03609	6541399
DB03610	67874
DB03611	46936727
DB03612	46936728
DB03613	46936729
DB03615	46936732
DB03617	46936734
DB03618	44611450
DB03619	7000965
DB03621	46936735
DB03622	446505
DB03623	5326727
DB03624	444640
DB03625	46936736
DB03626	4469805
DB03627	9238
DB03628	447534
DB03629	3253681
DB03630	444808
DB03631	17754209
DB03632	46936737
DB03633	446876
DB03634	46936738
DB03635	11668
DB03636	69020
DB03637	448503
DB03638	46936739
DB03639	5288371
DB03640	14463
DB03641	46936740
DB03642	46936741
DB03643	6809274
DB03644	86
DB03645	445375
DB03646	46936742
DB03647	503535
DB03648	46936743
DB03649	405389
DB03650	611002
DB03651	6954
DB03652	441476
DB03653	448672
DB03654	17754128
DB03655	46936744
DB03656	46936745
DB03657	46936746
DB03658	46936747
DB03659	8007
DB03660	134497
DB03661	72886
DB03662	444861
DB03663	445940
DB03664	46936748
DB03666	46936750
DB03667	445302
DB03668	46936751
DB03669	82068
DB03670	444766
DB03671	46936752
DB03672	1933
DB03673	146719
DB03675	46936753
DB03676	46936754
DB03677	4359
DB03678	5496989
DB03680	44
DB03682	3022
DB03683	5289415
DB03685	6101904
DB03686	46936755
DB03687	46936756
DB03688	68152
DB03690	6540623
DB03691	5289294
DB03692	17754154
DB03693	129236
DB03694	676454
DB03695	54369
DB03696	46936757
DB03697	1758
DB03699	46936759
DB03700	90624
DB03701	6090840
DB03702	46936760
DB03703	7966
DB03704	79034
DB03705	448810
DB03706	46936761
DB03707	347590
DB03708	46936762
DB03709	8761
DB03711	129891
DB03712	46936765
DB03714	444695
DB03715	12391
DB03716	46936766
DB03717	46936767
DB03718	46936768
DB03719	6604901
DB03720	6449989
DB03721	36690637
DB03722	148140
DB03723	46936769
DB03724	46936770
DB03725	46936771
DB03726	5748376
DB03728	6318
DB03730	447936
DB03732	46936772
DB03733	11
DB03735	46936775
DB03736	46936776
DB03737	5288222
DB03738	46936777
DB03740	440552
DB03741	6950479
DB03742	46936779
DB03744	445459
DB03745	448027
DB03746	17753950
DB03747	46936781
DB03748	447562
DB03749	68997750
DB03750	10430
DB03751	46936783
DB03752	447834
DB03753	446134
DB03754	3777159
DB03755	46936784
DB03756	5353594
DB03757	46936785
DB03758	46936786
DB03759	3140
DB03760	9834298
DB03761	46936787
DB03763	46936788
DB03764	446140
DB03765	46936789
DB03766	1032
DB03767	5287799
DB03768	466960
DB03769	12308870
DB03770	80668
DB03771	447559
DB03772	448294
DB03773	6713579
DB03774	5288620
DB03775	445027
DB03776	439231
DB03777	2396
DB03779	46936790
DB03780	242831
DB03781	448978
DB03782	4286
DB03783	4754
DB03784	5353370
DB03785	64727
DB03787	445005
DB03788	448011
DB03789	444800
DB03790	6997234
DB03791	46936791
DB03792	13611
DB03793	243
DB03794	87122
DB03795	38
DB03796	985
DB03798	6328614
DB03799	165196
DB03800	65063
DB03801	17754054
DB03802	46936793
DB03803	46936794
DB03804	446725
DB03805	17753809
DB03807	656968
DB03808	65130
DB03809	5289228
DB03810	6604760
DB03812	657024
DB03813	5288022
DB03814	78165
DB03815	25032396
DB03816	447827
DB03817	134490
DB03818	445503
DB03819	66644
DB03821	46936798
DB03822	74190
DB03823	9882981
DB03824	5288606
DB03826	76726
DB03827	46936799
DB03828	5287465
DB03829	46936800
DB03830	656948
DB03831	46936801
DB03832	439825
DB03833	449137
DB03834	46936678
DB03835	46936802
DB03836	7950
DB03837	23648296
DB03839	6057
DB03841	449035
DB03842	17753774
DB03843	712
DB03844	4288
DB03847	104625
DB03848	12057
DB03849	151170
DB03851	448769
DB03852	2758
DB03853	6788039
DB03854	273
DB03855	46936807
DB03856	6992039
DB03857	445999
DB03858	17753922
DB03859	444809
DB03860	46936808
DB03861	46936809
DB03862	449101
DB03863	46936810
DB03864	447638
DB03866	5280883
DB03867	65124
DB03868	46936811
DB03869	46936812
DB03870	46936813
DB03872	46936814
DB03873	4470978
DB03874	448904
DB03877	46936815
DB03878	4327
DB03879	46936603
DB03880	5362422
DB03882	242332
DB03883	46936818
DB03884	997
DB03885	46936819
DB03886	444475
DB03887	46936820
DB03888	445989
DB03889	46936821
DB03890	6323197
DB03891	46936822
DB03894	5289310
DB03895	11295
DB03896	983
DB03897	10394
DB03898	11401421
DB03899	5289227
DB03900	6386
DB03901	21085979
DB03902	971
DB03903	5289288
DB03904	1176
DB03905	46936824
DB03907	70789234
DB03908	46936825
DB03909	46936826
DB03910	1331
DB03911	439509
DB03912	115254
DB03913	46936827
DB03914	46936828
DB03915	440033
DB03916	656967
DB03917	5288173
DB03918	5702551
DB03919	448166
DB03920	134856
DB03921	447966
DB03923	44229079
DB03924	85466
DB03925	46936829
DB03926	446934
DB03927	17754145
DB03928	446195
DB03929	71077
DB03930	46936830
DB03931	46936831
DB03932	46936832
DB03933	46936833
DB03935	46936835
DB03936	447843
DB03937	46936836
DB03938	46936837
DB03939	4369266
DB03940	974
DB03941	16143
DB03942	46936838
DB03943	439600
DB03944	446286
DB03945	1014
DB03946	72
DB03947	644111
DB03948	46936839
DB03949	46936840
DB03950	446277
DB03951	46936841
DB03952	46936531
DB03953	2733514
DB03955	44387838
DB03956	10342059
DB03958	6335949
DB03959	46936842
DB03960	46936843
DB03961	46936844
DB03963	46936846
DB03964	46936847
DB03967	8778
DB03968	444570
DB03970	447998
DB03971	46936851
DB03972	46936852
DB03973	657024
DB03976	15391
DB03977	115147
DB03978	445993
DB03979	46936853
DB03980	5172
DB03981	46936854
DB03982	447411
DB03984	5287870
DB03985	5289266
DB03986	46936856
DB03987	447022
DB03988	17754068
DB03989	6992084
DB03990	46936857
DB03991	13728878
DB03992	14233317
DB03993	12587
DB03994	700
DB03995	46936858
DB03996	5288685
DB03998	17753918
DB03999	76839
DB04000	167842
DB04001	444763
DB04002	1759
DB04003	46936859
DB04004	448017
DB04005	5746425
DB04006	5289179
DB04007	2429
DB04010	1511
DB04011	448202
DB04012	446411
DB04013	46936861
DB04014	5005498
DB04015	5288837
DB04016	656932
DB04017	4380
DB04018	445319
DB04020	9957008
DB04021	5288799
DB04022	46936862
DB04023	46936863
DB04024	46936864
DB04026	449293
DB04027	52941769
DB04028	46936431
DB04029	445694
DB04030	4470577
DB04032	448333
DB04033	5388928
DB04034	439190
DB04035	6323246
DB04036	46936865
DB04037	447980
DB04038	46936866
DB04039	4476947
DB04040	46936867
DB04042	46936870
DB04044	657140
DB04045	46936873
DB04046	94214
DB04047	151434
DB04048	1535935
DB04049	5326781
DB04050	79084
DB04051	16757
DB04052	7249
DB04053	183145
DB04054	448974
DB04055	1478
DB04056	227
DB04057	46936874
DB04058	446054
DB04059	448610
DB04060	46936875
DB04061	11310031
DB04062	439650
DB04063	446181
DB04064	5289026
DB04065	5287890
DB04066	637542
DB04067	46936876
DB04068	46936877
DB04069	5288116
DB04070	121904
DB04071	46936879
DB04072	46936880
DB04073	46936618
DB04074	49
DB04075	70914
DB04076	10899851
DB04077	753
DB04078	10870
DB04079	7156967
DB04080	75791
DB04081	46936881
DB04082	4629337
DB04083	46936882
DB04084	5288324
DB04085	84836
DB04086	46936883
DB04087	46936884
DB04088	46936885
DB04089	4369103
DB04090	394347
DB04091	46936603
DB04092	447280
DB04093	8186
DB04094	111509
DB04096	46936886
DB04097	46936887
DB04098	44308490
DB04099	6336819
DB04100	73408619
DB04101	447957
DB04102	46936888
DB04103	78352566
DB04104	1673
DB04105	347402
DB04106	46936889
DB04107	5805259
DB04108	5287684
DB04110	8391
DB04111	46936890
DB04112	46936891
DB04113	17429
DB04114	5288588
DB04115	2353
DB04116	46936892
DB04117	46936893
DB04118	46936894
DB04120	9958
DB04121	46936895
DB04122	46936284
DB04123	1290
DB04125	178051
DB04126	5288147
DB04127	46876838
DB04128	46936897
DB04129	440053
DB04131	46936898
DB04132	46936899
DB04133	5287902
DB04135	17753982
DB04136	46936900
DB04137	6335984
DB04139	1865
DB04140	445018
DB04141	447027
DB04142	448660
DB04143	444150
DB04144	46936901
DB04145	7510
DB04146	46936902
DB04147	15433
DB04149	448055
DB04150	17754049
DB04151	92105
DB04152	5288598
DB04153	46936903
DB04154	5287936
DB04155	46936904
DB04157	448926
DB04158	46936906
DB04160	644102
DB04161	6578
DB04162	46936907
DB04163	446244
DB04164	46936908
DB04165	71113
DB04166	227
DB04167	182230
DB04168	65457
DB04169	1616
DB04170	448012
DB04171	2724877
DB04172	46936909
DB04173	439553
DB04174	46936910
DB04175	446916
DB04176	46936911
DB04177	46936912
DB04178	5313335
DB04179	9223
DB04180	446238
DB04182	46936914
DB04183	487
DB04185	65098
DB04186	445840
DB04187	46936232
DB04188	4026
DB04189	46936915
DB04190	46936916
DB04191	46936917
DB04193	12647
DB04194	46936918
DB04195	124823
DB04196	95054
DB04197	5287648
DB04199	657119
DB04200	119205
DB04202	3764
DB04204	446665
DB04205	25021187
DB04207	160556
DB04208	75019
DB04209	2993
DB04210	5287853
DB04211	46936922
DB04212	5288980
DB04213	4358
DB04214	378
DB04215	447508
DB04216	5280343
DB04217	175496
DB04218	46936923
DB04220	70789238
DB04221	16958
DB04222	9543443
DB04223	440005
DB04224	637517
DB04225	17754075
DB04227	46936926
DB04228	443586
DB04229	5289611
DB04230	46936927
DB04232	5289389
DB04233	5414
DB04234	5288867
DB04235	46936928
DB04237	448009
DB04238	46936929
DB04239	6323390
DB04240	5288133
DB04241	445009
DB04242	135
DB04243	46936930
DB04244	46936931
DB04245	21633245
DB04248	46936192
DB04250	20689
DB04251	6383950
DB04252	93072
DB04253	89105
DB04254	448976
DB04255	46936933
DB04256	7019268
DB04257	5282745
DB04259	46936935
DB04260	448999
DB04262	46936818
DB04263	46936936
DB04264	444729
DB04266	46936937
DB04267	10367
DB04269	46936939
DB04270	446758
DB04272	311
DB04273	121938
DB04274	688857
DB04275	903
DB04276	5288145
DB04278	46936940
DB04279	5488912
DB04280	46936941
DB04281	5287621
DB04282	5288324
DB04284	7016563
DB04287	46936942
DB04288	3543
DB04291	36143
DB04292	46936944
DB04294	46936945
DB04295	46936946
DB04297	444732
DB04298	54688711
DB04302	445629
DB04304	6857417
DB04306	446245
DB04308	36143
DB04310	443600
DB04312	447153
DB04313	5287600
DB04314	79143
DB04316	446049
DB04317	367584
DB04319	6713579
DB04320	446627
DB04321	446896
DB04322	9846239
DB04323	46936948
DB04324	5289086
DB04325	448751
DB04326	668
DB04328	46936949
DB04329	8405
DB04330	46936950
DB04333	24250
DB04334	123871
DB04335	6021
DB04336	2014
DB04337	11646
DB04338	5164
DB04339	193653
DB04340	6398365
DB04341	46936951
DB04342	5488645
DB04343	760
DB04346	46936952
DB04349	439846
DB04351	5459816
DB04352	46876838
DB04353	46936955
DB04357	4472713
DB04361	123421
DB04362	46936956
DB04364	447765
DB04365	2230
DB04366	46936958
DB04368	159596
DB04369	5289333
DB04370	115015
DB04371	1514
DB04372	46936959
DB04373	446912
DB04374	444302
DB04376	499953
DB04377	1662
DB04378	446917
DB04379	444567
DB04380	5287444
DB04381	447466
DB04382	6992106
DB04383	640993
DB04386	46936963
DB04387	444569
DB04388	193305
DB04389	70789239
DB04391	46936965
DB04393	18807
DB04395	44462678
DB04396	46936966
DB04398	61503
DB04401	249
DB04405	9869365
DB04408	46936969
DB04414	6323409
DB04415	5289149
DB04416	446165
DB04417	980
DB04418	447145
DB04419	456468
DB04422	91552
DB04423	24197533
DB04425	46936972
DB04426	1523687
DB04429	688859
DB04432	4470378
DB04433	9856385
DB04434	5287512
DB04435	68178
DB04437	17754108
DB04438	46936977
DB04439	46936978
DB04441	46936980
DB04445	181518
DB04446	444753
DB04448	91867
DB04449	5288545
DB04451	3269221
DB04452	71166
DB04453	46936981
DB04454	439691
DB04455	248
DB04456	545
DB04457	65059
DB04458	46936982
DB04459	1609
DB04460	46936448
DB04462	1694
DB04463	657095
DB04464	439750
DB04465	440995
DB04467	446862
DB04468	5352135
DB04470	6828475
DB04471	448915
DB04472	11481186
DB04473	439554
DB04474	1369
DB04476	449146
DB04478	132302
DB04479	1750
DB04480	5287525
DB04482	46936984
DB04483	5288324
DB04484	447213
DB04486	46936985
DB04487	6951123
DB04489	446018
DB04490	205225
DB04492	440173
DB04493	15648788
DB04495	46936988
DB04496	46936989
DB04498	46936991
DB04499	114705
DB04500	19266
DB04502	46936992
DB04503	445505
DB04504	21145267
DB04505	448971
DB04508	46936993
DB04509	6323452
DB04510	5327006
DB04512	32594
DB04514	46936994
DB04515	46936810
DB04516	46936995
DB04517	46936996
DB04518	447959
DB04519	379
DB04520	119404
DB04521	46936997
DB04522	68841
DB04523	448022
DB04524	46936998
DB04525	46936999
DB04526	46937000
DB04527	15991574
DB04528	1493
DB04530	170018
DB04531	193613
DB04533	7264
DB04537	439356
DB04538	5287600
DB04540	46937002
DB04542	46937003
DB04543	446622
DB04544	46937004
DB04545	447607
DB04546	46937005
DB04547	46937006
DB04549	446240
DB04551	46937007
DB04552	4488
DB04554	46937008
DB04555	46937009
DB04556	445892
DB04557	5312542
DB04558	53629745
DB04559	181426
DB04560	1698
DB04561	46937010
DB04562	14925
DB04564	7027
DB04565	446324
DB04566	5745915
DB04567	46937011
DB04568	46937012
DB04569	7708
DB04570	47499
DB04571	5585
DB04572	5453
DB04573	5756
DB04574	3001028
DB04575	9046
DB04577	205131
DB04578	5494385
DB04580	11820
DB04581	77918
DB04584	5702627
DB04585	657085
DB04586	7244
DB04588	68513023
DB04590	6852220
DB04591	5287492
DB04592	533975
DB04593	5326876
DB04594	181976
DB04597	4369553
DB04598	114947
DB04600	4369414
DB04601	4369413
DB04602	451597
DB04605	70766
DB04606	5326888
DB04608	4369491
DB04609	448069
DB04610	4369143
DB04612	5388929
DB04614	5326966
DB04617	5287586
DB04618	4369393
DB04619	7410
DB04622	69602
DB04623	5459358
DB04624	42627264
DB04626	3081545
DB04627	806138
DB04629	11840920
DB04630	5839
DB04631	54676868
DB04633	5494411
DB04634	736104
DB04636	5287779
DB04637	77970
DB04638	2374
DB04640	11390
DB04641	736299
DB04643	5326885
DB04644	5326886
DB04646	34474
DB04647	5287824
DB04648	23644529
DB04649	5287847
DB04650	638035
DB04651	6102809
DB04652	5753
DB04653	5494413
DB04654	11840929
DB04656	6102758
DB04657	21307
DB04659	6323258
DB04660	439285
DB04661	5459361
DB04663	5494415
DB04664	5327073
DB04665	323
DB04669	5327131
DB04672	461278
DB04673	5326879
DB04674	8631
DB04675	46937013
DB04676	121945
DB04678	5288910
DB04679	5459363
DB04680	5326972
DB04681	121942
DB04684	8924
DB04685	4369390
DB04687	168140
DB04688	104904
DB04689	6102812
DB04690	24360
DB04692	46937014
DB04693	5288172
DB04694	5459366
DB04695	46937015
DB04696	5288329
DB04697	5288332
DB04698	6102777
DB04699	7302
DB04700	5326960
DB04701	115260
DB04702	46937016
DB04704	440711
DB04705	65094
DB04706	473141
DB04707	3064778
DB04708	5459370
DB04711	3739
DB04712	5459372
DB04714	1195
DB04715	5459373
DB04716	5494425
DB04717	16658532
DB04718	46937017
DB04719	5326976
DB04721	5326978
DB04722	4369429
DB04724	5288688
DB04725	133021
DB04726	66184
DB04729	72396
DB04731	6102806
DB04732	387442
DB04733	4369446
DB04734	643798
DB04735	5327038
DB04736	163626
DB04737	439767
DB04739	4369496
DB04740	5288864
DB04741	10972974
DB04742	5288990
DB04743	4495
DB04745	6038
DB04746	5282800
DB04747	5494436
DB04749	5289079
DB04750	5289081
DB04751	456214
DB04753	5327013
DB04754	5327012
DB04759	5289109
DB04760	5289110
DB04761	5289111
DB04762	4369489
DB04763	5289159
DB04764	657077
DB04765	4369488
DB04767	5289214
DB04768	5327150
DB04769	5289247
DB04770	4369502
DB04771	5494439
DB04772	5494440
DB04773	5494441
DB04774	5289284
DB04775	46937019
DB04776	5289296
DB04777	1237170
DB04778	21158881
DB04779	6323501
DB04781	25945
DB04782	1237169
DB04783	46937020
DB04784	637516
DB04786	5361
DB04787	4369524
DB04790	5326924
DB04791	5326925
DB04792	5326926
DB04793	5326927
DB04794	2378
DB04795	5601
DB04796	46937021
DB04797	5289514
DB04798	5289518
DB04799	3016416
DB04800	5327154
DB04801	5282761
DB04805	46937022
DB04806	5289587
DB04807	6102810
DB04808	72392
DB04809	11840996
DB04810	23644336
DB04811	23644158
DB04812	39941
DB04813	2406
DB04814	6436657
DB04815	2788
DB04816	2950
DB04817	522325
DB04818	3748
DB04819	8667
DB04820	4472
DB04821	4528
DB04822	4619
DB04823	31315
DB04824	4764
DB04826	27901
DB04827	5641
DB04828	5733
DB04829	5761
DB04830	2468
DB04831	38409
DB04832	5365247
DB04833	6292
DB04834	5311398
DB04835	3002977
DB04836	44558536
DB04837	2795
DB04838	2893
DB04839	9880
DB04840	2966
DB04841	941361
DB04842	3396
DB04843	4057
DB04844	6018
DB04845	23305354
DB04849	9933475
DB04850	11972575
DB04851	9963148
DB04852	5745206
DB04853	6439470
DB04855	208898
DB04856	65937
DB04857	6445786
DB04858	33776
DB04859	198752
DB04860	72231
DB04861	71301
DB04863	132881
DB04864	5912039
DB04865	72332
DB04866	62891
DB04868	644241
DB04869	3025955
DB04872	219077
DB04873	177336
DB04874	177358
DB04875	153270
DB04876	6918537
DB04877	11953931
DB04878	444020
DB04879	151194
DB04880	53708
DB04881	119373
DB04882	151078
DB04883	177236
DB04884	71353
DB04885	6918107
DB04886	64972
DB04887	5743186
DB04888	208951
DB04889	47953
DB04890	2350
DB04891	5289547
DB04892	192706
DB04894	23725064
DB04896	65833
DB04898	656635
DB04903	131664
DB04905	108092
DB04908	6918248
DB04910	4622
DB04915	219100
DB04917	3052778
DB04924	3792
DB04926	6433106
DB04930	40326
DB04931	57514683
DB04934	9575171
DB04936	92092
DB04938	3036505
DB04942	108143
DB04944	17513
DB04946	71360
DB04947	6440180
DB04948	30668
DB04951	40632
DB04954	158795
DB04961	151173
DB04970	60813
DB04977	5459174
DB04982	164509
DB04983	192708
DB04996	123974
DB05003	68791
DB05009	6456013
DB05013	6918670
DB05016	11219835
DB05025	6507255
DB05038	3025957
DB05039	6918554
DB05057	65632
DB05076	5288209
DB05083	6451164
DB05095	213053
DB05102	6440352
DB05104	179340
DB05105	1684
DB05107	71613
DB05109	108150
DB05123	157692
DB05128	16072305
DB05129	5362259
DB05137	101616
DB05143	6918545
DB05154	456199
DB05171	6421261
DB05186	5274428
DB05197	5282219
DB05219	57968923
DB05229	23663404
DB05232	443368
DB05234	16750192
DB05245	441244
DB05246	6476
DB05248	23644074
DB05251	64143
DB05252	47938
DB05260	61635
DB05262	4644
DB05266	3671
DB05271	57537
DB05284	100154
DB05286	107970
DB05291	3676
DB05294	3081361
DB05295	6438982
DB05296	151072
DB05297	6918473
DB05298	3025803
DB05302	5485201
DB05316	11672491
DB05318	1548943
DB05327	153948
DB05339	198746
DB05347	2022
DB05379	5282381
DB05381	5818
DB05382	807
DB05383	2734687
DB05384	6581
DB05389	3000391
DB05398	456362
DB05403	133005
DB05409	6918532
DB05414	6433099
DB05416	9803963
DB05426	192716
DB05428	158385
DB05434	6918562
DB05442	157052
DB05444	6421776
DB05446	1082
DB05448	219104
DB05456	6449792
DB05458	178052
DB05460	5310939
DB05461	15942713
DB05462	4369566
DB05475	6992140
DB05478	6451145
DB05482	104842
DB05488	2764
DB05494	596
DB05508	5485201
DB05511	123683
DB05521	3010818
DB05659	6918218
DB05708	6438361
DB05719	300471
DB05738	9842251
DB05786	148189
DB05790	5311449
DB05791	9873
DB05792	6439330
DB05796	3038505
DB05800	69532
DB05804	12594
DB05812	132971
DB05817	3081349
DB05830	19582
DB05838	3038506
DB05861	15561101
DB05868	9853710
DB05869	12041
DB05871	3000926
DB05884	10409873
DB05885	9942725
DB05891	5818
DB06090	16727410
DB06144	60149
DB06147	5340
DB06148	4184
DB06150	5323
DB06151	12035
DB06155	104850
DB06196	71364
DB06201	129228
DB06203	11450633
DB06204	9838022
DB06207	5312125
DB06209	6918456
DB06210	66583167
DB06212	443894
DB06213	219024
DB06216	11954293
DB06218	219078
DB06228	9875401
DB06237	9869929
DB06255	405386
DB06267	6918523
DB06268	216235
DB06274	5488548
DB06287	86277830
DB06288	2159
DB06290	73425379
DB06292	24936221
DB06335	11243969
DB06402	9812715
DB06414	193962
DB06439	70789242
DB06554	3448
DB06581	457928
DB06590	57514685
DB06594	82148
DB06614	151164
DB06616	5328940
DB06623	53276
DB06637	1727
DB06663	9941444
DB06684	6918314
DB06689	5282489
DB06691	4992
DB06693	446154
DB06694	5709
DB06695	213023
DB06696	68682
DB06697	68911
DB06700	125017
DB06701	154101
DB06702	6918558
DB06703	12041444
DB06704	60860
DB06705	23724913
DB06706	22297
DB06707	164739
DB06708	6437380
DB06709	1993
DB06710	6010
DB06711	4436
DB06712	4494
DB06714	7558
DB06715	4875
DB06716	3038498
DB06717	219090
DB06718	5277
DB06723	10176082
DB06725	54690031
DB06726	71733
DB06727	168213
DB06728	6115
DB06729	5335
DB06730	3033968
DB06731	4541
DB06732	2361
DB06738	10101
DB06744	6324617
DB06745	9867869
DB06747	46937025
DB06748	12912363
DB06749	46937026
DB06750	46937027
DB06751	1712095
DB06766	19371515
DB06768	10129918
DB06770	244
DB06771	10178705
DB06772	9854073
DB06775	121396
DB06777	10133
DB06781	443936
DB06782	3080
DB06795	3998
DB06800	5361918
DB06802	151075
DB06803	4477
DB06804	72385
DB06809	65015
DB06810	163659
DB06811	24750
DB06813	148121
DB06817	54671008
DB06827	3037981
DB06828	44129621
DB06829	17759780
DB06830	5276520
DB06831	6852165
DB06832	67011843
DB06833	16122612
DB06834	9968957
DB06835	23653507
DB06836	6852167
DB06837	11143173
DB06838	736234
DB06839	10631973
DB06842	6603746
DB06843	444894
DB06844	1712
DB06845	23629654
DB06846	5287418
DB06847	25195365
DB06848	25113123
DB06849	25113124
DB06850	44141860
DB06851	1082702
DB06852	11502647
DB06853	25113614
DB06854	6809272
DB06855	6828483
DB06857	4300
DB06858	46937030
DB06859	657007
DB06860	25134265
DB06861	6323178
DB06862	447400
DB06864	5287432
DB06865	448123
DB06866	5496862
DB06867	90206
DB06868	42615253
DB06869	448677
DB06870	6857686
DB06871	9549180
DB06872	4369475
DB06873	134111
DB06874	505461
DB06875	6102691
DB06876	6914568
DB06877	6762380
DB06878	25113126
DB06879	46937031
DB06880	11840904
DB06881	46937032
DB06882	25174101
DB06883	10915062
DB06884	9549223
DB06886	6323185
DB06887	5327152
DB06888	16046126
DB06889	6458152
DB06890	670006
DB06891	11069133
DB06893	49957
DB06894	8193
DB06896	21081761
DB06897	24941248
DB06898	15897928
DB06899	6914625
DB06900	17975425
DB06901	5287452
DB06902	11742
DB06903	46937034
DB06904	6323187
DB06905	14205264
DB06906	84894
DB06907	5327160
DB06908	9549225
DB06910	446158
DB06911	25113127
DB06912	46937035
DB06913	46937036
DB06914	11500273
DB06915	448669
DB06916	16115747
DB06917	7023019
DB06918	9547940
DB06919	25011732
DB06920	11634458
DB06921	23653508
DB06922	16752640
DB06923	9547939
DB06924	24768537
DB06925	15991573
DB06926	6443013
DB06927	656953
DB06928	6102781
DB06929	25113616
DB06930	11290116
DB06931	5276507
DB06932	17754396
DB06933	16750106
DB06934	642409
DB06935	5327159
DB06936	25113617
DB06937	68844529
DB06938	11167118
DB06939	16122596
DB06940	10134493
DB06942	25113615
DB06943	9861547
DB06944	449087
DB06945	9933197
DB06946	23644579
DB06947	25113128
DB06948	1540
DB06949	74828666
DB06950	41339475
DB06952	16122570
DB06953	5287467
DB06954	11245700
DB06955	25246329
DB06956	70843961
DB06957	70953601
DB06958	69059079
DB06959	46937039
DB06960	12302745
DB06961	67392116
DB06962	24180717
DB06963	24941249
DB06964	53394038
DB06965	4369425
DB06966	4369426
DB06967	6914626
DB06968	16122577
DB06969	25210273
DB06970	1117937
DB06971	5326979
DB06972	16040268
DB06973	6623
DB06974	71065242
DB06976	445841
DB06977	46937040
DB06979	24180714
DB06980	24768549
DB06982	24768548
DB06983	21066379
DB06984	6914612
DB06985	25138295
DB06987	180559
DB06988	46937041
DB06989	6914659
DB06991	11427975
DB06992	24808495
DB06993	46937042
DB06994	24768547
DB06995	17748441
DB06997	11560856
DB06998	24860533
DB07000	24180720
DB07001	24941263
DB07002	9797857
DB07003	24894153
DB07004	2823014
DB07006	10364585
DB07007	24894155
DB07009	68844399
DB07011	11740318
DB07012	11287125
DB07013	24768528
DB07014	2079916
DB07015	24752844
DB07016	52942975
DB07017	25023710
DB07018	486953
DB07019	24768527
DB07020	22479942
DB07021	15953860
DB07022	11304895
DB07023	6857688
DB07024	15942652
DB07025	10156987
DB07026	11987860
DB07027	25011733
DB07028	16058629
DB07029	10157080
DB07030	16058630
DB07031	445455
DB07032	656936
DB07034	3506204
DB07035	5459348
DB07036	16758226
DB07037	6540273
DB07038	19826721
DB07039	24892823
DB07040	10038928
DB07041	25023705
DB07042	25023706
DB07043	25023707
DB07044	41168437
DB07045	25195347
DB07046	25163987
DB07047	5287495
DB07048	23653514
DB07049	24812720
DB07050	18794
DB07051	46937046
DB07053	9547900
DB07054	448994
DB07055	1289593
DB07056	11545694
DB07057	756618
DB07058	25181321
DB07059	6914627
DB07060	676157
DB07063	157839
DB07064	6857690
DB07065	44629555
DB07066	15991547
DB07067	23645698
DB07068	6914660
DB07069	450268
DB07070	11711595
DB07071	6857691
DB07072	11538992
DB07073	622262
DB07074	6852141
DB07075	69294963
DB07076	447734
DB07077	6857692
DB07078	10125830
DB07079	23627203
DB07080	447912
DB07081	23661697
DB07082	447911
DB07083	25271577
DB07084	3943211
DB07085	16221501
DB07086	6852154
DB07087	46937048
DB07088	24963035
DB07089	11995761
DB07090	40636608
DB07091	24963036
DB07092	11554165
DB07093	10450624
DB07094	2776424
DB07095	24963037
DB07096	1720
DB07097	74828667
DB07098	74828665
DB07099	22690393
DB07100	69057111
DB07101	9826528
DB07102	24768560
DB07103	5287517
DB07104	22692237
DB07105	11957380
DB07106	5227
DB07107	6914613
DB07108	2782689
DB07109	736186
DB07110	3699841
DB07111	24875301
DB07112	6914624
DB07113	20843156
DB07114	250653
DB07115	17414308
DB07116	46937051
DB07117	10072851
DB07118	5280567
DB07119	6102690
DB07120	4073054
DB07121	6102708
DB07122	16758228
DB07123	1415427
DB07124	46937052
DB07126	4566
DB07127	6914661
DB07128	5287523
DB07129	180621
DB07130	9547959
DB07131	25134248
DB07132	46937053
DB07133	25021183
DB07134	16058639
DB07136	11705956
DB07137	9601217
DB07138	3038525
DB07139	25210476
DB07140	25093369
DB07141	44144378
DB07142	44144379
DB07144	44144380
DB07145	6914621
DB07146	11553058
DB07147	24800833
DB07148	46937054
DB07149	16757525
DB07150	71401478
DB07151	75243779
DB07152	25138294
DB07153	25187896
DB07154	10450114
DB07155	2266114
DB07156	24808489
DB07157	23653502
DB07158	708346
DB07159	11213558
DB07160	23647357
DB07161	11492186
DB07162	24963047
DB07163	447766
DB07164	6918710
DB07165	46937056
DB07167	9884318
DB07168	23624249
DB07169	46937057
DB07170	15991535
DB07171	25058136
DB07172	24875302
DB07173	9842606
DB07174	6914629
DB07175	25138203
DB07176	6793
DB07177	46937058
DB07178	5274976
DB07179	11304412
DB07180	11840911
DB07181	24832041
DB07182	23653500
DB07183	16040289
DB07184	444706
DB07185	708990
DB07186	11963557
DB07188	1283969
DB07189	25049750
DB07190	42615254
DB07191	193962
DB07192	1116191
DB07193	11710963
DB07194	25113172
DB07195	6857699
DB07196	7060565
DB07197	9547958
DB07198	656952
DB07199	15991559
DB07200	5275422
DB07201	46937059
DB07202	69214727
DB07203	4565
DB07204	6914614
DB07205	10180201
DB07206	11586735
DB07207	70244138
DB07208	46937060
DB07209	46937061
DB07210	10339710
DB07211	10095865
DB07212	6852140
DB07213	69294233
DB07215	9956726
DB07216	9547909
DB07217	766948
DB07218	6540289
DB07219	22850133
DB07220	10138993
DB07221	24836815
DB07222	6920596
DB07223	6610318
DB07224	23647358
DB07225	46937062
DB07226	24778473
DB07227	216454
DB07228	23657800
DB07229	447492
DB07230	10286462
DB07231	23647361
DB07232	11960529
DB07233	42627769
DB07234	15295578
DB07235	16043304
DB07236	4369551
DB07237	44129624
DB07238	11561383
DB07239	11572962
DB07240	15627868
DB07241	46937063
DB07242	24851688
DB07243	24752838
DB07244	6914633
DB07245	11659487
DB07246	16129579
DB07247	15942655
DB07248	11957393
DB07249	5330197
DB07250	24836813
DB07251	24836812
DB07252	25011728
DB07253	25011729
DB07254	25011730
DB07255	25011731
DB07256	24861080
DB07257	11602832
DB07258	44129623
DB07259	2776332
DB07261	445480
DB07262	9543472
DB07263	24808499
DB07264	51603922
DB07265	9978312
DB07267	10267580
DB07268	16058637
DB07270	6102822
DB07272	6852206
DB07274	11441375
DB07275	6817014
DB07276	9543521
DB07277	10343728
DB07279	9820034
DB07280	11987868
DB07281	10397869
DB07282	10376292
DB07283	10017976
DB07284	11701820
DB07285	16129580
DB07286	9882972
DB07287	16220130
DB07288	9797919
DB07289	17758920
DB07290	4369384
DB07291	639097
DB07295	447695
DB07296	54682555
DB07297	17756743
DB07298	5327045
DB07299	6857702
DB07300	44176356
DB07301	6854
DB07302	5312830
DB07303	11500493
DB07304	834826
DB07305	763808
DB07306	24894151
DB07307	24941253
DB07308	14163672
DB07309	1069140
DB07310	16105493
DB07311	11348631
DB07312	6102820
DB07313	6102684
DB07314	16122643
DB07315	24883477
DB07316	25263223
DB07317	44585557
DB07318	24941258
DB07319	13373715
DB07320	9844011
DB07321	6102821
DB07322	6102685
DB07323	6102686
DB07324	24832022
DB07325	17755582
DB07326	23658582
DB07327	446106
DB07328	11840913
DB07329	445651
DB07330	9925908
DB07331	4661
DB07332	449080
DB07333	4369498
DB07334	4369497
DB07335	24905143
DB07336	69370605
DB07337	448533
DB07338	44073
DB07339	23270857
DB07340	210332
DB07341	46937064
DB07342	20541332
DB07343	448532
DB07344	78058
DB07345	24748051
DB07346	24748050
DB07347	1701
DB07348	5287620
DB07349	5287637
DB07350	10379137
DB07351	16741275
DB07352	5280443
DB07353	46937065
DB07354	5287652
DB07355	14368760
DB07356	11840917
DB07357	448295
DB07358	9819610
DB07359	10411846
DB07360	24880024
DB07361	24995524
DB07362	15602701
DB07363	444607
DB07365	2724883
DB07366	444238
DB07367	46937066
DB07369	17749728
DB07371	446967
DB07373	13472
DB07374	253602
DB07376	1792
DB07379	6914609
DB07380	124969
DB07381	445144
DB07382	42627755
DB07383	445824
DB07384	5287692
DB07387	4290313
DB07388	11149707
DB07389	10221335
DB07390	4369084
DB07392	2256
DB07393	11505541
DB07394	444853
DB07395	16070039
DB07396	12148754
DB07397	25174099
DB07398	673481
DB07400	444224
DB07401	3034285
DB07402	46937068
DB07403	16741245
DB07404	16086422
DB07405	9886249
DB07406	16741237
DB07407	776315
DB07408	736027
DB07409	16122554
DB07410	16122553
DB07411	46937069
DB07412	263366
DB07413	12000133
DB07415	42628075
DB07416	448271
DB07418	255
DB07419	24892822
DB07420	24748047
DB07422	10174090
DB07424	53320410
DB07426	16122556
DB07427	44129642
DB07428	46937073
DB07429	1121782
DB07430	44631903
DB07431	45273683
DB07432	87762754
DB07433	5287737
DB07434	46937074
DB07435	5287739
DB07436	446532
DB07437	54929
DB07439	5287741
DB07440	324690
DB07441	446965
DB07443	54727972
DB07444	6540255
DB07445	6750249
DB07446	25271580
DB07447	11302
DB07448	25138289
DB07449	46937075
DB07450	447950
DB07451	445332
DB07452	24741806
DB07453	11790
DB07454	5287785
DB07455	22489160
DB07456	448943
DB07457	2398
DB07458	448642
DB07459	2352168
DB07460	9934347
DB07461	5287789
DB07462	6914595
DB07463	11393519
DB07464	5287794
DB07465	11235729
DB07466	5287796
DB07467	12598931
DB07468	24178119
DB07469	24178120
DB07470	24178121
DB07471	11957417
DB07472	444703
DB07473	444704
DB07474	69663067
DB07475	387447
DB07476	462919
DB07477	3332
DB07478	7075
DB07479	5287834
DB07480	1757
DB07481	25113137
DB07482	10198228
DB07483	9543498
DB07484	44176354
DB07485	232446
DB07486	11712628
DB07487	5287837
DB07488	399618
DB07490	446716
DB07491	18432427
DB07492	25113101
DB07493	5287845
DB07494	21124461
DB07495	49830986
DB07496	7595
DB07497	11840927
DB07498	2797541
DB07499	24856354
DB07500	5321765
DB07501	445958
DB07502	10403821
DB07503	5287855
DB07505	25113136
DB07506	444797
DB07507	25134257
DB07508	446805
DB07509	46937076
DB07510	23636976
DB07511	25113145
DB07512	16750123
DB07513	11616886
DB07514	24812717
DB07515	46937077
DB07516	17749729
DB07517	123979
DB07518	5496779
DB07521	46937078
DB07522	9543486
DB07524	24180721
DB07525	24180722
DB07526	11963499
DB07527	9543487
DB07528	24812719
DB07529	46937079
DB07530	10457944
DB07532	24860535
DB07533	23647652
DB07534	5729339
DB07535	11651760
DB07536	11546620
DB07537	24812718
DB07538	23647657
DB07539	5951796
DB07540	23647659
DB07542	6323244
DB07543	13023332
DB07544	6914573
DB07545	9549303
DB07546	16224058
DB07547	9543494
DB07548	447219
DB07550	656913
DB07551	449582
DB07553	9882812
DB07555	46937080
DB07556	446504
DB07557	92745
DB07558	443118
DB07559	54727980
DB07560	25134246
DB07561	54727985
DB07562	447962
DB07563	46937081
DB07564	23643565
DB07565	656580
DB07567	4369568
DB07568	16214776
DB07569	25134245
DB07570	4369534
DB07571	6857710
DB07572	3236724
DB07573	831616
DB07574	5287955
DB07575	452307
DB07577	93114
DB07578	448793
DB07579	4369593
DB07581	5287976
DB07582	5287977
DB07583	5327110
DB07584	24798741
DB07585	24798742
DB07587	11840933
DB07588	11326613
DB07589	11840934
DB07590	46937082
DB07592	10062713
DB07593	10062714
DB07594	6749166
DB07595	5327130
DB07596	11188898
DB07598	5288002
DB07599	6323277
DB07601	51538650
DB07602	46937083
DB07603	24860536
DB07606	5327057
DB07607	9543437
DB07608	24894158
DB07610	11318
DB07611	8917
DB07612	5288016
DB07613	24764436
DB07614	2763788
DB07615	5282230
DB07616	695906
DB07617	11229234
DB07618	5288017
DB07619	16726072
DB07620	2799606
DB07621	11332763
DB07622	5288018
DB07623	75846
DB07624	24856362
DB07627	6857711
DB07628	654376
DB07629	24752832
DB07630	24752833
DB07631	4292413
DB07632	165323
DB07633	46937084
DB07636	5288033
DB07637	67532
DB07638	11197931
DB07639	46937085
DB07640	2971
DB07641	3492020
DB07642	23729147
DB07644	24778299
DB07646	4112111
DB07647	4369434
DB07649	10067695
DB07650	79541
DB07651	9547919
DB07652	46937086
DB07653	848641
DB07654	4369432
DB07655	4369433
DB07656	9543513
DB07657	131505
DB07658	5288064
DB07659	5288066
DB07661	68463
DB07663	7013169
DB07664	5330812
DB07665	9867609
DB07666	16750059
DB07669	16615
DB07670	447297
DB07671	46937087
DB07672	45480634
DB07673	5288102
DB07675	447458
DB07676	24894167
DB07677	10219702
DB07678	46937088
DB07680	16122567
DB07681	3383616
DB07684	4474224
DB07685	23586145
DB07686	23586146
DB07687	23645578
DB07688	11574606
DB07689	25243853
DB07690	222528
DB07691	24941254
DB07692	25210493
DB07693	25210478
DB07694	5119267
DB07695	25210479
DB07696	46937089
DB07697	650361
DB07698	6419789
DB07700	11987804
DB07701	1150567
DB07702	256737
DB07703	5282031
DB07705	12773795
DB07706	247304
DB07707	23728517
DB07708	11368987
DB07710	444849
DB07712	11149479
DB07713	6540261
DB07714	10708341
DB07715	3220
DB07716	45480632
DB07718	979
DB07719	5327155
DB07720	854023
DB07721	11207678
DB07722	4474777
DB07723	181137
DB07724	11395145
DB07726	16043
DB07728	11992146
DB07729	6470990
DB07730	10062718
DB07732	11473003
DB07733	6852193
DB07734	25134249
DB07735	25134250
DB07736	25134251
DB07737	25134252
DB07738	25134253
DB07739	11485425
DB07740	10062720
DB07741	46937090
DB07742	1700
DB07743	2822496
DB07744	11840941
DB07745	16122525
DB07746	23647763
DB07747	9549217
DB07748	16122526
DB07749	5288190
DB07750	445952
DB07751	445950
DB07752	444108
DB07754	25113157
DB07755	445953
DB07756	1723
DB07757	11987846
DB07758	736259
DB07759	647499
DB07761	445951
DB07762	1708
DB07763	9547935
DB07764	68205
DB07765	23629645
DB07766	24880018
DB07767	445858
DB07768	10204
DB07769	5288215
DB07770	9543495
DB07771	445015
DB07773	1819
DB07775	5288217
DB07776	10680
DB07778	446845
DB07779	5494422
DB07781	3000505
DB07782	1722
DB07783	448903
DB07785	449015
DB07786	46937091
DB07787	448890
DB07788	46937092
DB07789	24875313
DB07790	24963033
DB07791	24901723
DB07792	11987874
DB07795	5281614
DB07797	3000541
DB07800	24794406
DB07801	24893974
DB07803	2738139
DB07804	16040261
DB07805	3783853
DB07806	446136
DB07807	9860102
DB07808	7100107
DB07809	17758361
DB07811	10089048
DB07812	24963048
DB07813	46937094
DB07814	6466
DB07816	4447
DB07817	12087505
DB07818	11708451
DB07822	49867026
DB07823	1933963
DB07824	5305969
DB07827	10224181
DB07829	12106168
DB07830	16040279
DB07831	10477723
DB07832	23644582
DB07833	10200651
DB07834	21078798
DB07835	24856363
DB07836	46937097
DB07837	11952989
DB07838	5726921
DB07839	6420159
DB07840	11674979
DB07841	6420192
DB07842	11149906
DB07843	9549259
DB07844	9549258
DB07845	25113171
DB07846	46937098
DB07847	6852168
DB07848	9549257
DB07849	46937099
DB07850	976666
DB07851	24798721
DB07852	2763754
DB07853	46937100
DB07854	11608401
DB07856	16122633
DB07857	15602983
DB07858	15602982
DB07860	16122635
DB07861	9823454
DB07862	1881
DB07864	448725
DB07865	1503946
DB07866	24866443
DB07867	448724
DB07868	448727
DB07869	46937101
DB07870	448979
DB07871	448729
DB07872	42628060
DB07873	4395717
DB07875	11979006
DB07877	6914564
DB07878	46937102
DB07879	24836811
DB07880	5357439
DB07884	154048
DB07885	3000493
DB07886	5754
DB07887	6857719
DB07888	6323362
DB07892	64993
DB07893	444107
DB07894	5288544
DB07896	439940
DB07897	4634038
DB07898	5288553
DB07899	46937104
DB07900	5288561
DB07902	11809364
DB07905	9929643
DB07906	10822243
DB07907	6995013
DB07908	5288573
DB07909	444394
DB07910	445494
DB07911	23615309
DB07912	4369424
DB07913	46937105
DB07914	570
DB07915	570
DB07917	6540277
DB07918	1561
DB07919	5280953
DB07920	46937106
DB07922	46937108
DB07923	46937109
DB07924	9549264
DB07925	46937110
DB07926	128564
DB07927	657106
DB07928	6914579
DB07929	448258
DB07930	5312804
DB07931	192197
DB07932	11531308
DB07933	10286159
DB07935	25218427
DB07936	16113377
DB07937	16744441
DB07938	44543639
DB07939	16750083
DB07941	22049997
DB07942	42647299
DB07943	9865587
DB07945	9863791
DB07946	10114365
DB07950	802
DB07951	446620
DB07953	446641
DB07955	4634717
DB07956	5288602
DB07957	446501
DB07958	447739
DB07959	5327123
DB07960	46937111
DB07961	3003217
DB07962	25150855
DB07963	25150856
DB07964	5288615
DB07965	5288616
DB07966	16040294
DB07967	11464526
DB07968	9547901
DB07969	25113181
DB07970	24875320
DB07971	1202104
DB07972	1510981
DB07973	6540267
DB07975	10342449
DB07976	15942657
DB07977	15942658
DB07978	46937112
DB07980	86418
DB07981	16741227
DB07982	11270500
DB07984	16741228
DB07985	444406
DB07986	1948
DB07987	4369082
DB07988	4369080
DB07989	5288636
DB07990	71447048
DB07991	16750040
DB07992	10258
DB07994	11633167
DB07996	449240
DB07997	3540
DB08000	11660035
DB08003	9547915
DB08004	46937115
DB08005	16129582
DB08007	24820112
DB08008	25263414
DB08009	5329103
DB08011	45267696
DB08012	71345
DB08013	130188
DB08014	449026
DB08016	11987823
DB08017	127504
DB08018	24798097
DB08019	25021186
DB08020	9927355
DB08021	44224261
DB08022	46937117
DB08023	24801862
DB08024	5459374
DB08025	10364826
DB08026	24801863
DB08027	5082818
DB08028	4636204
DB08029	24178109
DB08030	10039403
DB08031	11987832
DB08032	1190625
DB08033	16122638
DB08034	5395346
DB08035	11522441
DB08036	3815
DB08037	11655511
DB08038	46937118
DB08039	5312137
DB08040	123982
DB08041	10958449
DB08042	24941243
DB08043	15942672
DB08044	11974440
DB08046	688424
DB08047	53406763
DB08048	14086997
DB08049	5413034
DB08050	13294447
DB08051	16739331
DB08052	24905142
DB08053	24905153
DB08054	24905152
DB08055	44563262
DB08056	44422489
DB08057	46937119
DB08058	11291932
DB08059	312145
DB08060	6420149
DB08061	449126
DB08062	449127
DB08063	5288679
DB08064	5326866
DB08065	5403336
DB08066	25138278
DB08068	46937120
DB08069	2405215
DB08070	16122634
DB08071	46937121
DB08072	23653530
DB08073	10172943
DB08074	45070
DB08075	13582275
DB08076	2766552
DB08077	195347
DB08078	6603901
DB08079	24864821
DB08080	6436219
DB08081	127293
DB08082	233979
DB08083	44144383
DB08084	4369325
DB08085	14899645
DB08086	46937122
DB08087	9944398
DB08088	11428356
DB08089	11560224
DB08090	46937123
DB08091	5326868
DB08092	5326870
DB08093	5326871
DB08094	6918852
DB08095	6540299
DB08096	6852209
DB08097	9543517
DB08098	2817424
DB08099	11963546
DB08100	6365297
DB08101	25129137
DB08102	243556
DB08103	10831270
DB08104	1184681
DB08105	16122581
DB08106	16122580
DB08107	24755470
DB08108	24755471
DB08109	46937124
DB08110	46937125
DB08111	24901696
DB08112	25058128
DB08113	12412578
DB08114	691952
DB08115	24883481
DB08116	46937126
DB08118	25229552
DB08119	3082654
DB08120	445160
DB08121	11483970
DB08122	5288708
DB08123	5288709
DB08124	5288710
DB08125	5288711
DB08126	5288712
DB08127	15143646
DB08128	44176358
DB08129	36688409
DB08130	25023709
DB08131	446560
DB08132	87031
DB08133	9926933
DB08134	9994066
DB08135	680935
DB08136	24864077
DB08137	24864078
DB08138	24864079
DB08139	24971312
DB08140	24971313
DB08141	24864082
DB08142	11338033
DB08143	42628063
DB08144	5328120
DB08145	21850055
DB08146	46937128
DB08147	510684
DB08148	24762195
DB08149	11696113
DB08150	42627562
DB08151	44263483
DB08152	24754814
DB08153	11987878
DB08154	16045336
DB08155	745994
DB08156	3161908
DB08157	16122582
DB08158	25195339
DB08159	5288720
DB08160	5288721
DB08161	24748045
DB08162	3547
DB08163	25181315
DB08164	16058650
DB08165	96876
DB08166	24851689
DB08167	4139
DB08168	92249
DB08169	54723327
DB08170	15942651
DB08171	543502
DB08172	54727975
DB08173	10250490
DB08174	9954980
DB08175	5288795
DB08176	46937129
DB08177	1286537
DB08178	23727981
DB08179	11779786
DB08180	447278
DB08181	6828844
DB08182	23727982
DB08183	9926791
DB08184	9547945
DB08185	46937130
DB08186	736407
DB08187	448763
DB08188	65013
DB08190	115348
DB08191	11544170
DB08192	46937131
DB08193	15876
DB08194	2726820
DB08195	9547943
DB08196	6288148
DB08197	89544958
DB08198	15942673
DB08199	15942661
DB08200	446980
DB08201	446981
DB08202	891831
DB08203	447099
DB08204	448781
DB08205	20284644
DB08206	23722943
DB08207	23722944
DB08208	10150081
DB08209	10303
DB08210	449003
DB08211	11984575
DB08212	3000663
DB08213	5288850
DB08214	82315
DB08215	13450
DB08216	6847561
DB08217	448332
DB08218	11987556
DB08219	11840966
DB08220	9845059
DB08221	16040281
DB08222	446977
DB08223	15947913
DB08224	4369567
DB08227	19989057
DB08228	1504717
DB08229	46937133
DB08230	5281701
DB08231	11005
DB08233	447649
DB08234	25058133
DB08235	588963
DB08236	44129612
DB08237	46937134
DB08238	8408
DB08239	11675645
DB08240	87517
DB08241	447656
DB08242	23400214
DB08244	6102824
DB08245	46937135
DB08246	11840968
DB08247	9547890
DB08248	447655
DB08249	159866
DB08250	23586165
DB08251	5288878
DB08252	6813282
DB08253	5288981
DB08254	8420
DB08255	11507040
DB08256	4149241
DB08257	6420119
DB08258	6420120
DB08259	6420121
DB08260	24963032
DB08261	446415
DB08262	14357
DB08263	5288998
DB08264	440294
DB08265	481709
DB08267	5326928
DB08268	5326929
DB08270	46937137
DB08271	448002
DB08272	9817372
DB08274	54708746
DB08275	6710104
DB08277	16040257
DB08278	11568600
DB08279	503536
DB08280	15942677
DB08281	5278689
DB08282	5278688
DB08283	501640
DB08284	5278690
DB08285	25190761
DB08286	76313
DB08287	11840970
DB08288	5289045
DB08289	3256857
DB08291	3581192
DB08292	11963551
DB08293	11963552
DB08294	447364
DB08297	150889
DB08298	156391
DB08299	9999276
DB08300	24905144
DB08301	6852128
DB08302	6006216
DB08303	44129629
DB08304	44129630
DB08305	44129631
DB08306	657105
DB08307	5289053
DB08308	5289054
DB08309	6852201
DB08310	25134267
DB08312	398148
DB08313	4122
DB08314	25271554
DB08315	25271555
DB08316	3137930
DB08317	25271556
DB08318	25271557
DB08319	441161
DB08320	24752837
DB08321	9817381
DB08322	11669698
DB08323	16122585
DB08324	3246941
DB08325	2856
DB08326	66831123
DB08327	780
DB08328	25011726
DB08329	5356
DB08330	5289085
DB08331	11370952
DB08332	446966
DB08333	16122594
DB08334	74080350
DB08335	44602427
DB08336	46937140
DB08337	46937141
DB08338	24756824
DB08339	447700
DB08340	24779674
DB08341	25920890
DB08342	46937142
DB08344	23644580
DB08345	24779678
DB08346	24916788
DB08347	46937143
DB08348	4858
DB08349	42647297
DB08350	16750094
DB08351	24963046
DB08352	24755476
DB08353	24779675
DB08354	24779676
DB08355	44129603
DB08356	6741817
DB08357	8179
DB08358	10389239
DB08359	735838
DB08360	24779677
DB08361	11493841
DB08362	23656870
DB08363	4722579
DB08364	75243816
DB08365	11691442
DB08366	16086836
DB08367	11963565
DB08368	24832027
DB08369	12229396
DB08370	5289112
DB08371	7020128
DB08372	9547984
DB08373	115069
DB08374	4369560
DB08376	23629653
DB08377	5496653
DB08378	46937145
DB08379	24875319
DB08381	995
DB08382	11516136
DB08383	1122713
DB08384	44141871
DB08385	24892821
DB08386	11610553
DB08387	11581936
DB08388	657061
DB08389	15991588
DB08390	54688400
DB08391	11955614
DB08392	2059510
DB08393	1587957
DB08394	449244
DB08395	4369443
DB08396	46937146
DB08397	1854
DB08398	1530
DB08399	667639
DB08400	25243828
DB08401	49867507
DB08402	5289162
DB08403	194777
DB08404	52945396
DB08405	52942978
DB08406	446744
DB08407	6857724
DB08408	25011727
DB08409	449242
DB08410	449243
DB08411	5496653
DB08412	449245
DB08413	446757
DB08414	446309
DB08416	9804302
DB08418	9912519
DB08420	5289192
DB08421	5289197
DB08422	23586040
DB08423	5327066
DB08424	5327067
DB08425	5288576
DB08426	445481
DB08427	1028
DB08428	13949633
DB08429	42608447
DB08430	656902
DB08431	46937150
DB08432	10019998
DB08433	564920
DB08434	5289221
DB08435	23654841
DB08436	448968
DB08437	439530
DB08438	54736482
DB08439	119828
DB08440	18719622
DB08441	9952008
DB08442	25058141
DB08443	11160307
DB08444	25102779
DB08445	24180585
DB08446	24886843
DB08447	23640750
DB08448	46937152
DB08449	10150441
DB08450	9998128
DB08451	151506
DB08453	130804
DB08454	6419766
DB08455	46937153
DB08456	46937154
DB08457	5327076
DB08458	445987
DB08459	16045340
DB08460	16045418
DB08461	16750071
DB08462	10401956
DB08463	10224714
DB08464	11373270
DB08465	11840979
DB08466	185914
DB08467	5289278
DB08468	5281855
DB08469	18690028
DB08470	12195517
DB08471	1453694
DB08472	1548970
DB08473	5894
DB08474	5289290
DB08475	5289293
DB08476	446676
DB08477	9875401
DB08478	425841
DB08479	2730282
DB08480	5494443
DB08481	7297549
DB08482	5487313
DB08484	24856357
DB08485	16058682
DB08486	122335
DB08487	447359
DB08488	447360
DB08489	478379
DB08490	3342298
DB08491	4369
DB08492	10308106
DB08493	5289314
DB08494	24878044
DB08495	447362
DB08497	24883486
DB08498	46937155
DB08499	24883488
DB08500	46937156
DB08501	295941
DB08502	1783
DB08503	46937157
DB08504	10320144
DB08505	23640756
DB08506	10601417
DB08507	9543420
DB08508	91514
DB08509	1360
DB08510	5289324
DB08511	24741805
DB08512	16750097
DB08513	24871491
DB08514	24741808
DB08515	11840981
DB08516	23659732
DB08517	73571
DB08519	9822610
DB08520	445646
DB08521	40467016
DB08522	5171
DB08523	5289329
DB08524	5289330
DB08525	5289331
DB08526	5289332
DB08527	5331010
DB08528	1536
DB08529	25023881
DB08530	4747355
DB08531	21066087
DB08532	46937158
DB08533	9991833
DB08534	21066096
DB08535	10249180
DB08536	10317619
DB08537	10249182
DB08538	44629554
DB08539	10042950
DB08540	5189
DB08541	443833
DB08542	440483
DB08543	446129
DB08544	1548968
DB08546	4369485
DB08547	5289373
DB08548	5289374
DB08549	5327153
DB08550	123920
DB08551	5289377
DB08552	5289378
DB08553	25093311
DB08554	6852189
DB08555	25203945
DB08556	9543496
DB08557	24812721
DB08558	656909
DB08560	2742752
DB08561	9896504
DB08562	445650
DB08564	5328969
DB08565	449487
DB08566	46937161
DB08567	68617
DB08568	11314340
DB08569	16122642
DB08570	3364665
DB08571	446366
DB08572	5289411
DB08573	446853
DB08574	23586154
DB08575	5289417
DB08576	6852124
DB08577	5289418
DB08578	647833
DB08579	24764440
DB08580	24764441
DB08581	24764442
DB08582	24764443
DB08583	68691754
DB08584	24779724
DB08585	25220903
DB08586	25220904
DB08587	637775
DB08588	23647311
DB08589	70164
DB08590	11987888
DB08591	4369451
DB08592	6451164
DB08593	4369452
DB08594	5289428
DB08595	15942662
DB08596	25147494
DB08597	11524144
DB08598	3000237
DB08599	705712
DB08600	3000323
DB08602	25229546
DB08603	73094
DB08604	5564
DB08605	171833
DB08606	656970
DB08607	9824580
DB08608	6102761
DB08609	6102762
DB08610	6102763
DB08611	46937163
DB08612	146089
DB08613	24836810
DB08614	5289460
DB08617	24764430
DB08618	644013
DB08619	119202
DB08620	115224
DB08621	27200
DB08622	127702
DB08623	46937164
DB08624	46937165
DB08626	4369380
DB08627	5494446
DB08628	5494447
DB08629	5289474
DB08631	12606920
DB08632	11138
DB08633	369976
DB08634	446515
DB08635	11963512
DB08636	5280911
DB08637	46937166
DB08638	46937167
DB08639	214347
DB08640	6323526
DB08641	6323527
DB08642	46937168
DB08643	4369141
DB08644	6323528
DB08645	6604229
DB08646	46937169
DB08647	444705
DB08648	445314
DB08649	20846113
DB08650	445314
DB08651	46937170
DB08652	397
DB08653	1150
DB08654	6420130
DB08655	853608
DB08656	24941262
DB08657	17758816
DB08658	15083623
DB08659	14611919
DB08660	5004
DB08661	25147495
DB08662	54693872
DB08663	54736485
DB08664	54689025
DB08665	447012
DB08666	11840988
DB08667	11840989
DB08668	11840990
DB08669	6914647
DB08670	6914648
DB08671	11840992
DB08672	15991577
DB08673	5327097
DB08674	23646577
DB08675	46937172
DB08676	46937173
DB08677	5327096
DB08678	9547998
DB08679	3000926
DB08680	5903265
DB08681	3000477
DB08682	1385
DB08683	447446
DB08684	14812933
DB08685	7127816
DB08686	54685311
DB08687	6914666
DB08688	8163
DB08689	4462
DB08690	5280346
DB08691	44237094
DB08692	46937174
DB08693	449042
DB08694	9817550
DB08695	2737071
DB08696	46937175
DB08697	23653532
DB08698	25113120
DB08699	24865390
DB08700	11626560
DB08701	4177750
DB08702	220535
DB08703	25203955
DB08704	24864112
DB08705	1235170
DB08706	16049839
DB08707	2765355
DB08708	10361208
DB08709	5003498
DB08710	23586178
DB08711	19844
DB08712	24778468
DB08713	1498
DB08714	448137
DB08715	448138
DB08717	11117974
DB08718	24875311
DB08719	1788
DB08720	1786
DB08721	441047
DB08722	5289564
DB08723	441048
DB08724	5289566
DB08725	3082640
DB08726	55717
DB08727	5272139
DB08728	129539
DB08729	24771758
DB08730	5326869
DB08731	24764434
DB08732	16220131
DB08733	42609673
DB08734	121750
DB08735	54736486
DB08736	54723704
DB08737	16750074
DB08738	25155578
DB08739	25102845
DB08740	5288373
DB08741	10247560
DB08742	11269429
DB08743	6914643
DB08744	124075
DB08745	446345
DB08746	446346
DB08747	44574544
DB08748	12092
DB08749	16741238
DB08750	24894149
DB08751	6857727
DB08752	9887557
DB08753	11957394
DB08754	9994897
DB08755	46937176
DB08756	448042
DB08757	4697633
DB08758	869249
DB08759	46937177
DB08760	11460087
DB08761	11267350
DB08762	5492457
DB08763	447110
DB08764	3081361
DB08765	6852129
DB08766	3034048
DB08767	241868
DB08768	92180
DB08770	176407
DB08771	23644575
DB08772	1613
DB08773	445920
DB08774	44129608
DB08775	46937178
DB08776	739358
DB08777	98614
DB08778	1484819
DB08779	46937179
DB08780	76098
DB08781	44141939
DB08782	169682
DB08783	25111933
DB08784	1432578
DB08785	11833
DB08786	3777900
DB08787	3695754
DB08788	1916699
DB08789	44129601
DB08790	121026
DB08791	25229537
DB08792	19529
DB08794	54685524
DB08795	15574941
DB08796	22425
DB08797	5147
DB08798	12894
DB08799	2200
DB08800	25295
DB08801	21855
DB08802	3781
DB08803	34154
DB08804	9677
DB08805	1548992
DB08806	5105
DB08807	44112
DB08808	2475
DB08809	6597
DB08810	68867
DB08811	5502
DB08815	213046
DB08816	9871419
DB08819	9868491
DB08820	16220172
DB08822	11238823
DB08823	73425381
DB08824	14930278
DB08826	2972
DB08827	9853053
DB08828	24776445
DB08830	15558808
DB08831	54196971
DB08834	73425382
DB08836	443873
DB08837	5413
DB08838	199
DB08842	18231
DB08844	1175
DB08846	5281855
DB08847	21353534
DB08848	3532
DB08860	5282452
DB08864	6451164
DB08865	11626560
DB08866	9874560
DB08868	107970
DB08871	73425383
DB08873	10324367
DB08874	70678896
DB08877	25126798
DB08878	169371
DB08881	42611257
DB08882	10096344
DB08884	9961939
DB08887	9831415
DB08889	11556711
DB08890	16158208
DB08893	9865528
DB08896	11167602
DB08897	11434515
DB08899	15951529
DB08901	24826799
DB08903	5388906
DB08905	11273
DB08906	9854489
DB08907	24812758
DB08909	10482134
DB08910	134780
DB08911	11707110
DB08912	44462760
DB08915	10274777
DB08916	10184653
DB08918	6917779
DB08924	21759
DB08926	66451
DB08927	73333
DB08928	8414
DB08930	66594067
DB08932	16004692
DB08933	9863407
DB08934	90168220
DB08936	2710
DB08938	6336542
DB08939	68707
DB08940	3824
DB08941	3783
DB08943	3760
DB08944	161602
DB08946	3735
DB08947	65492
DB08948	3723
DB08950	33625
DB08951	3718
DB08952	71955
DB08953	44668
DB08954	3689
DB08955	68704
DB08957	3609
DB08958	3607
DB08959	3606
DB08960	3604
DB08962	33649
DB08965	3084092
DB08966	3002119
DB08967	25715
DB08968	3407
DB08969	9528
DB08970	11794741
DB08972	3374
DB08974	35802
DB08976	3360
DB08978	71534
DB08979	3344
DB08980	3336
DB08981	3335
DB08982	5384145
DB08983	65777
DB08984	35375
DB08985	3306
DB08986	171544
DB08987	37497
DB08988	6469
DB08989	9363
DB08990	73356
DB08991	3242
DB08992	3236
DB08993	20055267
DB08994	29088
DB08995	5281613
DB08996	94280
DB08997	30844
DB08998	28876
DB09000	62865
DB09002	2805
DB09003	2793
DB09004	26937
DB09006	45358412
DB09007	6475
DB09008	36688168
DB09009	32170
DB09010	2577
DB09014	10240
DB09017	2451
DB09018	2446
DB09019	2442
DB09020	2391
DB09022	2318
DB09023	9330
DB09028	10235
